"Time (s)","Gyroscope x (rad/s)","Gyroscope y (rad/s)","Gyroscope z (rad/s)","Absolute (rad/s)"
1.206004167e-2,-1.913250685e-1,-1.323366910e-1,2.000465523e-3,2.326419641e-1
2.209204167e-2,-3.632369041e-1,-1.773824692e-1,6.735710055e-2,4.098079647e-1
3.212504167e-2,-5.571842194e-1,-2.619397938e-1,1.273325384e-1,6.287131979e-1
4.215704167e-2,-7.624468207e-1,-3.910351992e-1,1.821228117e-1,8.760150683e-1
5.219004167e-2,-9.770627618e-1,-5.132186413e-1,2.436597198e-1,1.130227886e0
6.222204167e-2,-1.199866295e0,-6.084367633e-1,3.204056323e-1,1.382944030e0
7.225504167e-2,-1.427793384e0,-6.650736928e-1,3.854344785e-1,1.621566126e0
8.228704167e-2,-1.665008903e0,-6.905039549e-1,4.473236799e-1,1.857188421e0
9.232004167e-2,-1.916650057e0,-7.299942374e-1,4.855096936e-1,2.107642923e0
1.023520417e-1,-2.178180933e0,-7.915510535e-1,5.130158663e-1,2.373649200e0
1.123850417e-1,-2.447334766e0,-8.462729454e-1,5.590031147e-1,2.649171538e0
1.224170417e-1,-2.724254847e0,-8.874195814e-1,5.989190936e-1,2.927077393e0
1.324500417e-1,-3.010145664e0,-9.330711961e-1,6.343753338e-1,3.214658744e0
1.424820417e-1,-3.308292150e0,-1.009466410e0,6.702890992e-1,3.523223930e0
1.525150417e-1,-3.621119738e0,-1.093556762e0,6.356700659e-1,3.835681293e0
1.625470417e-1,-3.999574900e0,-9.552130699e-1,2.848491967e-1,4.121913445e0
1.725800417e-1,-4.456295490e0,-7.112107277e-1,-1.657279581e-1,4.515734265e0
1.826120417e-1,-4.811521530e0,-5.836429596e-1,-2.647024691e-1,4.854013384e0
1.926450417e-1,-5.056557178e0,-4.896587133e-1,-2.166571319e-1,5.084828067e0
2.026770417e-1,-5.258751869e0,-3.887278438e-1,-1.666837186e-1,5.275733505e0
2.127100417e-1,-5.455193996e0,-3.885327876e-1,-2.264799178e-1,5.473700067e0
2.227420417e-1,-5.659954548e0,-4.710670710e-1,-2.628054619e-1,5.685600793e0
2.327750417e-1,-5.796228886e0,-5.621468425e-1,-2.551959157e-1,5.829013924e0
2.428070417e-1,-5.857501030e0,-6.222011447e-1,-2.292165160e-1,5.894912450e0
2.528390417e-1,-5.878054142e0,-6.256892085e-1,-1.789246649e-1,5.913968339e0
2.628720417e-1,-5.882962227e0,-6.583531499e-1,-1.035332307e-1,5.920590559e0
2.729050417e-1,-5.930001259e0,-8.243440986e-1,-9.043636173e-2,5.987707145e0
2.829370417e-1,-6.019546986e0,-1.006149888e0,-1.788599640e-1,6.105675589e0
2.929690417e-1,-6.153587341e0,-1.044578552e0,-4.756176770e-1,6.259711950e0
3.030020417e-1,-6.291882038e0,-9.567261934e-1,-8.132572770e-1,6.415956046e0
3.130340417e-1,-6.401172161e0,-7.688021660e-1,-9.860346317e-1,6.522141221e0
3.230670417e-1,-6.476821423e0,-5.073425770e-1,-7.944713831e-1,6.545058977e0
3.330990417e-1,-6.544314384e0,-4.568136036e-1,-4.945320487e-1,6.578851828e0
3.431320417e-1,-6.678030014e0,-3.943592608e-1,-3.637407422e-1,6.699545613e0
3.531640417e-1,-6.835597992e0,-3.158552349e-1,-3.033214509e-1,6.849610817e0
3.631970417e-1,-7.010674477e0,-2.325057387e-1,-1.607280821e-1,7.016370077e0
3.732290417e-1,-7.195084095e0,-1.102910414e-1,4.046823084e-2,7.196043144e0
3.832620417e-1,-7.370738983e0,-8.124607056e-2,2.367988527e-1,7.374989341e0
3.932940417e-1,-7.553700924e0,-2.069742233e-1,3.619247377e-1,7.565198312e0
4.033270417e-1,-7.743460655e0,-2.874983549e-1,4.224823415e-1,7.760304733e0
4.133590417e-1,-7.932244778e0,-3.026210666e-1,3.966456056e-1,7.947918876e0
4.233920417e-1,-8.108293533e0,-2.884903252e-1,3.431666791e-1,8.120678177e0
4.334240417e-1,-8.227740288e0,-2.376326472e-1,3.525619209e-1,8.238718312e0
4.434570417e-1,-8.309699059e0,-1.697718501e-1,3.829011619e-1,8.320248447e0
4.534890417e-1,-8.367308617e0,-1.791912913e-1,4.228539467e-1,8.379902652e0
4.635220417e-1,-8.397792816e0,-2.896232605e-1,4.534467459e-1,8.415011573e0
4.735540417e-1,-8.416917801e0,-4.018074870e-1,4.318395853e-1,8.437561256e0
4.835870417e-1,-8.446649551e0,-4.785698950e-1,3.693666160e-1,8.468255398e0
4.936190417e-1,-8.452939034e0,-3.926194012e-1,2.474239916e-1,8.465668723e0
5.036520417e-1,-8.440256119e0,-7.583559304e-2,9.390740842e-2,8.441119179e0
5.136840417e-1,-8.386683464e0,2.347557396e-1,-6.283961236e-3,8.389970755e0
5.237170417e-1,-8.274374962e0,3.901791573e-1,-1.688653789e-2,8.283586538e0
5.337490417e-1,-8.112280846e0,4.736847281e-1,7.052418590e-2,8.126404580e0
5.437820417e-1,-7.897997379e0,5.357661843e-1,1.071082950e-1,7.916873132e0
5.538140417e-1,-7.638460636e0,5.733801126e-1,1.316805333e-1,7.661082522e0
5.638470417e-1,-7.300621986e0,5.029613376e-1,2.759623528e-1,7.323128206e0
5.738790417e-1,-6.903958797e0,3.867080808e-1,4.084058404e-1,6.926830844e0
5.839120417e-1,-6.546022415e0,2.372336388e-1,4.945774972e-1,6.568964619e0
5.939440417e-1,-6.247631073e0,1.141354144e-1,4.560299218e-1,6.265292029e0
6.039760417e-1,-6.102770329e0,-8.084856672e-4,5.833311677e-1,6.130585746e0
6.140090417e-1,-6.141104698e0,2.163759619e-2,4.732461870e-1,6.159350376e0
6.240410417e-1,-6.226311207e0,7.466007024e-2,6.721025705e-1,6.262926411e0
6.340740417e-1,-6.386165142e0,7.923777401e-2,8.320304751e-1,6.440625634e0
6.441060417e-1,-6.527515888e0,-8.003919385e-3,9.089478850e-1,6.590501801e0
6.541390417e-1,-6.652345181e0,-1.377371401e-1,1.032791972e0,6.733448387e0
6.641710417e-1,-6.779015064e0,-5.074658245e-2,8.839444518e-1,6.836591128e0
6.742040417e-1,-6.892436504e0,-1.615401953e-1,6.067957282e-1,6.920980946e0
6.842366250e-1,-6.972849846e0,-4.306811094e-1,4.083880782e-1,6.998064162e0
6.942696250e-1,-7.014243603e0,-7.222096324e-1,3.101497889e-1,7.058143734e0
7.043016250e-1,-6.998535156e0,-1.022662044e0,2.976997793e-1,7.079121213e0
7.143346250e-1,-6.929472923e0,-1.068423867e0,2.603792250e-1,7.016189984e0
7.243666250e-1,-6.836153030e0,-9.290810823e-1,1.710059345e-1,6.901117514e0
7.343996250e-1,-6.714392662e0,-6.617435813e-1,1.352652311e-1,6.748279045e0
7.444316250e-1,-6.601647377e0,-3.928854764e-1,2.549396753e-1,6.618240047e0
7.544646250e-1,-6.529556751e0,-2.364778072e-1,1.115621701e-1,6.534789915e0
7.644966250e-1,-6.456359863e0,-2.244802713e-1,5.772689730e-2,6.460519056e0
7.745296250e-1,-6.310901642e0,-3.336982131e-1,7.626721263e-2,6.320178061e0
7.845616250e-1,-6.134978294e0,-5.306800008e-1,6.096309423e-2,6.158189380e0
7.945946250e-1,-5.931287289e0,-6.983042955e-1,2.991156280e-2,5.972327226e0
8.046266250e-1,-5.704271793e0,-6.971597075e-1,8.313802630e-2,5.747317660e0
8.146596250e-1,-5.485552311e0,-5.021781325e-1,1.691345870e-1,5.511086421e0
8.246916250e-1,-5.279230118e0,-2.485690266e-1,2.858694494e-1,5.292804412e0
8.347246250e-1,-5.086428642e0,-1.481058728e-2,2.676973045e-1,5.093489721e0
8.447566250e-1,-4.938691139e0,1.507589370e-1,8.737440407e-2,4.941764130e0
8.547896250e-1,-4.789842606e0,2.650143206e-1,-2.184217796e-2,4.797218137e0
8.648216250e-1,-4.643188953e0,3.118843436e-1,-8.188074827e-2,4.654372134e0
8.748546250e-1,-4.511278629e0,2.849889100e-1,-8.372197300e-2,4.521046662e0
8.848866250e-1,-4.362968445e0,2.453062087e-1,-1.007725969e-1,4.371020922e0
8.949186250e-1,-4.194661140e0,3.138400912e-1,-1.354866922e-1,4.208566779e0
9.049516250e-1,-4.026241302e0,4.551841617e-1,-1.964741498e-1,4.056650557e0
9.149836250e-1,-3.913086891e0,5.573382378e-1,-3.063271940e-1,3.964430764e0
9.250166250e-1,-3.847203255e0,5.503511429e-1,-3.763281107e-1,3.904546339e0
9.350486250e-1,-3.770518541e0,4.691711664e-1,-4.270207286e-1,3.823516491e0
9.450816250e-1,-3.694158316e0,3.499108255e-1,-4.124779999e-1,3.733548091e0
9.551136250e-1,-3.602814913e0,1.886657476e-1,-3.131327927e-1,3.621314983e0
9.651466250e-1,-3.493222713e0,5.653051659e-3,-1.817361265e-1,3.497951529e0
9.751786250e-1,-3.385200739e0,-1.632064581e-1,-1.802320220e-2,3.389180613e0
9.852116250e-1,-3.297100067e0,-2.931300700e-1,1.793074459e-1,3.314957805e0
9.952436250e-1,-3.247622252e0,-2.107143998e-1,3.536483645e-1,3.273609325e0
1.005276625e0,-3.249954700e0,-2.482550219e-2,3.771185279e-1,3.271855780e0
1.015308625e0,-3.237128735e0,8.868621290e-2,2.983602583e-1,3.252058814e0
1.025341625e0,-3.209088564e0,1.070393845e-1,2.816398740e-1,3.223201492e0
1.035373625e0,-3.128279686e0,9.626720101e-2,3.775263131e-1,3.152447824e0
1.045406625e0,-2.999293566e0,-4.385901988e-2,4.723590910e-1,3.036578439e0
1.055438625e0,-2.860942602e0,-1.880025417e-1,5.564107895e-1,2.920604474e0
1.065471625e0,-2.806720972e0,-1.993036568e-1,7.313626409e-1,2.907283246e0
1.075503625e0,-2.820589542e0,-1.610473543e-1,7.352386117e-1,2.919287145e0
1.085536625e0,-2.878655434e0,3.535359353e-2,6.226308346e-1,2.945433099e0
1.095568625e0,-2.990106106e0,2.255507857e-1,3.618806005e-1,3.020358464e0
1.105601625e0,-3.142971754e0,3.039404154e-1,1.842970252e-1,3.163007527e0
1.115633625e0,-3.264144659e0,3.214729130e-1,1.693871766e-1,3.284307721e0
1.125666625e0,-3.331315279e0,2.119349390e-1,2.415457964e-1,3.346777895e0
1.135698625e0,-3.327473879e0,1.048716977e-1,2.848255932e-1,3.341288091e0
1.145731625e0,-3.244210482e0,-1.827500202e-2,2.545180321e-1,3.254230332e0
1.155763625e0,-3.093459368e0,-1.162644178e-1,1.395481229e-1,3.098787175e0
1.165796625e0,-2.911169291e0,-1.666080058e-1,2.805302478e-2,2.916067873e0
1.175828625e0,-2.756875753e0,-2.163262963e-1,-5.316406488e-2,2.765861060e0
1.185860625e0,-2.646309376e0,-2.037039846e-1,-9.172371030e-2,2.655722475e0
1.195893625e0,-2.540625811e0,-1.279344857e-1,-8.214759082e-2,2.545170912e0
1.205925625e0,-2.415184259e0,-5.349672958e-2,-8.342138678e-2,2.417216588e0
1.215958625e0,-2.255658627e0,4.519993439e-2,-1.155716479e-1,2.259069649e0
1.225990625e0,-2.056390285e0,8.160907030e-2,-1.752711982e-1,2.065459038e0
1.236023625e0,-1.822087407e0,8.873099089e-2,-2.049619257e-1,1.835724679e0
1.246055625e0,-1.603995562e0,5.830809847e-2,-2.121737599e-1,1.619018005e0
1.256088625e0,-1.411323190e0,7.519843988e-3,-1.957603693e-1,1.424855016e0
1.266120625e0,-1.258710384e0,-3.392719850e-2,-2.085720301e-1,1.276324872e0
1.276153625e0,-1.126562476e0,-6.449514627e-2,-2.150047868e-1,1.148707837e0
1.286185625e0,-1.009587646e0,-7.998489588e-2,-2.144298106e-1,1.035202850e0
1.296218625e0,-8.977865577e-1,-9.966946393e-2,-1.910812706e-1,9.232912634e-1
1.306250625e0,-7.703298330e-1,-1.383308321e-1,-1.897726059e-1,8.053304370e-1
1.316283625e0,-6.108048558e-1,-1.497146934e-1,-1.919378936e-1,6.575235481e-1
1.326315625e0,-4.367454648e-1,-1.480883062e-1,-1.819771379e-1,4.957745719e-1
1.336348625e0,-2.822370529e-1,-1.480124891e-1,-1.548182815e-1,3.543079893e-1
1.346380625e0,-1.473109275e-1,-1.841382682e-1,-1.140138656e-1,2.619285642e-1
1.356413625e0,-3.267237917e-2,-2.372544110e-1,-7.781384140e-2,2.518176598e-1
1.366445625e0,7.397843152e-2,-2.894723415e-1,-5.614768714e-2,3.040059335e-1
1.376478625e0,1.562234014e-1,-3.505569696e-1,-2.924307249e-2,3.849040106e-1
1.386510625e0,2.352212816e-1,-4.180944860e-1,4.896891117e-2,4.822136506e-1
1.396543625e0,3.201431036e-1,-5.382828712e-1,1.492717862e-1,6.438339246e-1
1.406575625e0,3.671585619e-1,-5.605631471e-1,2.766443789e-1,7.249610775e-1
1.416608625e0,4.458608925e-1,-5.464642048e-1,2.566421330e-1,7.505199844e-1
1.426640625e0,5.920833349e-1,-5.364081264e-1,2.353826463e-1,8.328873535e-1
1.436673625e0,7.418056130e-1,-4.726043940e-1,2.841756046e-1,9.243301656e-1
1.446705625e0,8.919141889e-1,-3.262067437e-1,2.463794798e-1,9.811343476e-1
1.456737625e0,1.134727120e0,-1.731843203e-1,3.515953943e-2,1.148405259e0
1.466770625e0,1.506981611e0,1.690198295e-2,-1.455268860e-1,1.514086301e0
1.476802625e0,1.875107288e0,7.238040864e-2,-2.218572944e-1,1.889573213e0
1.486835625e0,2.152312040e0,3.642267361e-2,-2.765500844e-1,2.170311885e0
1.496867625e0,2.338381529e0,-3.751705214e-2,-2.259438932e-1,2.349571524e0
1.506900625e0,2.427171707e0,-4.582851008e-2,-1.731054485e-1,2.433768322e0
1.516932625e0,2.441573620e0,-3.814236820e-2,-1.690295786e-1,2.447714767e0
1.526965625e0,2.404184103e0,-3.384296224e-2,-1.656982303e-1,2.410124987e0
1.536997625e0,2.298237324e0,-3.229805455e-2,-1.595461965e-1,2.303994998e0
1.547030625e0,2.120213270e0,-6.269004941e-2,-1.358030438e-1,2.125482726e0
1.557062625e0,1.911033630e0,-8.605237305e-2,-1.061424911e-1,1.915912518e0
1.567095625e0,1.668553948e0,-7.584553957e-2,-1.343847811e-1,1.675674221e0
1.577127625e0,1.417149425e0,-2.642871439e-2,-1.890817136e-1,1.429952049e0
1.587160625e0,1.169231534e0,3.129423782e-2,-2.347125858e-1,1.192967605e0
1.597192625e0,9.448178411e-1,5.913172290e-2,-2.733851075e-1,9.853510696e-1
1.607225625e0,7.361716628e-1,4.530698806e-2,-2.843898237e-1,7.904928919e-1
1.617257625e0,5.089209080e-1,1.356920879e-2,-2.438743114e-1,5.644991530e-1
1.627290625e0,2.662198842e-1,-4.157100990e-2,-2.437555343e-1,3.633427254e-1
1.637322625e0,-7.208416238e-3,-1.324298084e-1,-2.656331956e-1,2.969016841e-1
1.647355625e0,-3.042451441e-1,-2.210150659e-1,-2.326939106e-1,4.422207855e-1
1.657387625e0,-6.132866144e-1,-2.852571607e-1,-2.286092192e-1,7.139707937e-1
1.667420625e0,-9.156967998e-1,-2.975348532e-1,-2.417255640e-1,9.927028086e-1
1.677452625e0,-1.223271608e0,-3.639370501e-1,-2.321530879e-1,1.297204171e0
1.687485750e0,-1.518751502e0,-4.908225536e-1,-2.263617814e-1,1.612064689e0
1.697517750e0,-1.765047431e0,-3.549698591e-1,-2.315796912e-1,1.815220424e0
1.707550750e0,-1.966069818e0,-1.734325439e-1,-1.577020139e-1,1.979994773e0
1.717582750e0,-2.116082907e0,-2.015663125e-2,-2.383922637e-1,2.129564282e0
1.727615750e0,-2.193227053e0,4.210488126e-2,-2.631812692e-1,2.209362375e0
1.737647750e0,-2.195333719e0,5.226961523e-2,-2.275525182e-1,2.207714293e0
1.747679750e0,-2.147400379e0,3.303040564e-2,-1.456193030e-1,2.152585510e0
1.757712750e0,-2.074240923e0,-3.701043315e-3,-7.657946646e-2,2.075657370e0
1.767744750e0,-1.992680430e0,-4.037597030e-2,-4.924796894e-2,1.993697790e0
1.777777750e0,-1.899378896e0,-8.716126531e-2,-7.976717502e-2,1.903050204e0
1.787809750e0,-1.776544333e0,-6.149318814e-2,-8.621708304e-2,1.779697885e0
1.797842750e0,-1.644389987e0,-2.616923302e-2,-7.895009220e-2,1.646492142e0
1.807874750e0,-1.500116467e0,-9.214216843e-3,-5.718621239e-2,1.501234352e0
1.817907750e0,-1.328971863e0,-4.321027547e-3,-4.842558503e-2,1.329860865e0
1.827939750e0,-1.126912236e0,1.789772511e-2,7.962880190e-4,1.127054635e0
1.837972750e0,-9.024946094e-1,1.798154041e-2,3.770946339e-2,9.034610447e-1
1.848004750e0,-6.303278208e-1,5.151495337e-3,2.981238998e-2,6.310534669e-1
1.858037750e0,-3.285495043e-1,-1.864432357e-3,2.827867493e-2,3.297695200e-1
1.868069750e0,-3.457753360e-2,1.675505750e-2,3.281936422e-2,5.053165790e-2
1.878102750e0,2.480328530e-1,4.041582346e-2,2.351856790e-2,2.524021751e-1
1.888134750e0,4.902297556e-1,3.861419484e-2,-5.863822531e-3,4.917831369e-1
1.898167750e0,7.054335475e-1,2.098354138e-2,-2.742253616e-2,7.062781282e-1
1.908199750e0,8.811070919e-1,-2.666946501e-2,-2.447787859e-2,8.818504036e-1
1.918232750e0,1.012665987e0,-4.690364376e-2,-1.478666719e-2,1.013859457e0
1.928264750e0,1.097784400e0,-5.468593165e-2,-4.627239425e-3,1.099155381e0
1.938297750e0,1.134343266e0,-6.436865032e-2,1.126935706e-2,1.136223995e0
1.948329750e0,1.129280329e0,-5.041661114e-2,2.308846638e-2,1.130640957e0
1.958362750e0,1.085253239e0,-4.431461170e-2,4.487437010e-2,1.087084213e0
1.968394750e0,1.000956535e0,5.385564640e-3,4.105619341e-2,1.001812658e0
1.978427750e0,8.905825019e-1,5.865101889e-2,3.017540462e-2,8.930216625e-1
1.988459750e0,7.563261986e-1,8.395717293e-2,2.328060567e-3,7.609753908e-1
1.998491750e0,6.042425036e-1,1.041790098e-1,-6.987089291e-3,6.131974304e-1
2.008524750e0,4.306962788e-1,9.626382589e-2,-9.882478043e-3,4.414336554e-1
2.018556750e0,2.216740102e-1,7.376801223e-2,-2.407196164e-2,2.348628232e-1
2.028589750e0,-1.032486651e-2,7.743092626e-2,-2.972478420e-2,8.358058391e-2
2.038621750e0,-2.617063224e-1,1.015153080e-1,-3.381367028e-2,2.827347189e-1
2.048654750e0,-5.283081532e-1,1.162441820e-1,-5.387286842e-2,5.436216520e-1
2.058686750e0,-8.055428267e-1,1.192398071e-1,-7.064944506e-2,8.173791784e-1
2.068719750e0,-1.076346874e0,1.199114546e-1,-7.150059193e-2,1.085363389e0
2.078751750e0,-1.334442496e0,8.262480050e-2,-7.558745891e-2,1.339132965e0
2.088784750e0,-1.570701599e0,4.345955700e-2,-7.589106262e-2,1.573134355e0
2.098816750e0,-1.767419696e0,2.730549313e-2,-7.479143143e-2,1.769212178e0
2.108849750e0,-1.923235178e0,2.925852314e-3,-3.913542628e-2,1.923635540e0
2.118881750e0,-2.056555271e0,-6.145179505e-4,-2.742890082e-2,2.056738269e0
2.128914750e0,-2.163738012e0,7.366709411e-3,-2.882413007e-2,2.163942533e0
2.138946750e0,-2.254047394e0,1.790064014e-2,-3.441028297e-2,2.254381102e0
2.148979750e0,-2.316357374e0,3.253977373e-2,-4.597665742e-2,2.317042118e0
2.159011750e0,-2.344252348e0,2.914052643e-2,-5.587444827e-2,2.345099187e0
2.169044750e0,-2.328565359e0,1.420365460e-2,-6.361040473e-2,2.329477336e0
2.179076750e0,-2.200061560e0,1.519298181e-3,-6.633459777e-2,2.201061892e0
2.189109750e0,-1.854513526e0,-1.280664466e-2,-5.767692626e-2,1.855454407e0
2.199141750e0,-1.355118871e0,-3.043784015e-2,-4.532795399e-2,1.356218360e0
2.209174750e0,-7.733168006e-1,-5.824017525e-2,-4.242670536e-2,7.766664776e-1
2.219206750e0,-2.150530815e-1,-7.731578499e-2,-1.510254294e-2,2.290276081e-1
2.229239750e0,2.357540429e-1,-7.942181081e-2,-1.249577850e-3,2.487757106e-1
2.239271750e0,5.606226921e-1,-6.756319851e-2,-9.210479911e-4,5.646799421e-1
2.249304750e0,7.547155023e-1,-2.484822273e-2,1.665395126e-2,7.553080680e-1
2.259336750e0,8.315622807e-1,-4.635456018e-3,2.855625562e-2,8.320653663e-1
2.269369750e0,8.170912266e-1,-5.711107049e-3,2.866145037e-2,8.176137034e-1
2.279401750e0,7.222606540e-1,-1.079498231e-2,3.740410134e-2,7.233090976e-1
2.289433750e0,5.777724385e-1,-4.536547884e-2,4.693129286e-2,5.814478168e-1
2.299466750e0,4.083508551e-1,-7.425670326e-2,4.919010773e-2,4.179523245e-1
2.309498750e0,2.314256430e-1,-7.594647259e-2,5.004471540e-2,2.486567282e-1
2.319531750e0,5.576992407e-2,-4.581573606e-2,4.013190046e-2,8.258290099e-2
2.329563750e0,-1.138153821e-1,2.127022948e-3,3.057727590e-2,1.178704171e-1
2.339596750e0,-2.673895061e-1,6.406708807e-2,6.279806048e-2,2.820378275e-1
2.349628750e0,-4.144513905e-1,9.364522249e-2,7.367308438e-2,4.312390360e-1
2.359661750e0,-5.313621759e-1,9.211941808e-2,6.263619661e-2,5.429134759e-1
2.369693750e0,-5.682168603e-1,7.521180809e-2,6.520295143e-2,5.768696918e-1
2.379726750e0,-5.005255938e-1,5.352762341e-2,7.933876663e-2,5.095936777e-1
2.389758750e0,-3.244312704e-1,3.691961989e-2,7.956859469e-2,3.360801523e-1
2.399791750e0,-1.137550995e-1,5.606959760e-2,7.399582118e-2,1.468312092e-1
2.409823750e0,2.691973001e-2,8.509911597e-2,7.985583693e-2,1.197642939e-1
2.419856750e0,2.785679884e-2,1.109744087e-1,7.881937176e-2,1.389381661e-1
2.429888750e0,-1.043715477e-1,1.075852662e-1,7.562757283e-2,1.678914508e-1
2.439921750e0,-2.863955796e-1,9.395708144e-2,7.295600325e-2,3.101176221e-1
2.449953750e0,-3.396441638e-1,7.202249020e-2,7.142548263e-2,3.544672012e-1
2.459986750e0,-2.562293708e-1,5.056112260e-2,6.413512677e-2,2.689297902e-1
2.470018750e0,-1.063027158e-1,3.060232662e-2,5.232826248e-2,1.223724513e-1
2.480051750e0,6.350840628e-2,2.188757434e-2,3.048717603e-2,7.376890593e-2
2.490083750e0,2.396251112e-1,2.862723731e-2,2.549827471e-2,2.426723607e-1
2.500116750e0,4.135376811e-1,3.499371558e-2,2.499047108e-2,4.157673598e-1
2.510148750e0,5.653972626e-1,3.798870742e-2,2.766561508e-2,5.673469773e-1
2.520181750e0,6.993677616e-1,5.235171318e-2,2.786791325e-2,7.018779014e-1
2.530213750e0,8.150562644e-1,5.026992038e-2,1.706932858e-2,8.167834113e-1
2.540246750e0,9.007407427e-1,3.901223466e-2,1.450196491e-3,9.015863481e-1
2.550278750e0,9.309045076e-1,3.312958032e-2,-1.163231581e-2,9.315664669e-1
2.560310750e0,9.012824297e-1,3.776262701e-2,-1.661099121e-2,9.022261131e-1
2.570343750e0,8.285847902e-1,3.827741742e-2,-3.183814511e-2,8.300792629e-1
2.580375750e0,7.237349749e-1,3.657128662e-2,-4.369090870e-2,7.259742890e-1
2.590408750e0,6.015906930e-1,2.643396519e-2,-5.474489182e-2,6.046545457e-1
2.600440750e0,4.632717967e-1,1.929667778e-2,-6.535948068e-2,4.682573877e-1
2.610473750e0,3.110958338e-1,6.466366351e-3,-7.007221133e-2,3.189553989e-1
2.620505750e0,1.231485084e-1,-1.125573833e-2,-7.482319325e-2,1.445363519e-1
2.630538750e0,-8.495995402e-2,-2.042793110e-2,-6.704303622e-2,1.101374726e-1
2.640570750e0,-3.093333840e-1,-2.672885358e-2,-7.358577102e-2,3.190868844e-1
2.650603750e0,-5.443269610e-1,-2.700448968e-2,-7.810195535e-2,5.505642546e-1
2.660635750e0,-7.779949307e-1,-2.860268578e-2,-6.889201701e-2,7.815627524e-1
2.670668750e0,-9.971725941e-1,-3.011802584e-2,-5.061634257e-2,9.989105525e-1
2.680699917e0,-1.190292835e0,-3.911417350e-2,-2.036849782e-2,1.191109494e0
2.690732917e0,-1.351276755e0,-3.805077448e-2,8.743580431e-3,1.351840664e0
2.700764917e0,-1.472173333e0,-3.266860545e-2,2.763884701e-2,1.472795120e0
2.710797917e0,-1.535034299e0,-2.022551559e-2,4.175093770e-2,1.535735170e0
2.720829917e0,-1.528795242e0,-7.169544697e-3,4.967701063e-2,1.529618940e0
2.730862917e0,-1.446367025e0,-3.742055967e-3,4.799682274e-2,1.447168017e0
2.740894917e0,-1.295339584e0,-6.899972446e-3,4.298130050e-2,1.296070847e0
2.750927917e0,-1.081095934e0,-1.023974037e-3,5.234950408e-2,1.082363126e0
2.760959917e0,-8.327322602e-1,-1.686823182e-2,5.727080256e-2,8.348697499e-1
2.770992917e0,-5.820837617e-1,-3.637135774e-2,5.687212944e-2,5.859853415e-1
2.781024917e0,-3.578123748e-1,-4.329656810e-2,6.474674493e-2,3.661917931e-1
2.791057917e0,-1.783155799e-1,-3.875401244e-2,7.682099193e-2,1.979893540e-1
2.801089917e0,-6.354885548e-2,-4.050380364e-2,7.602001727e-2,1.070423195e-1
2.811122917e0,-3.377932124e-3,-5.500365049e-2,7.900222391e-2,9.632322344e-2
2.821154917e0,1.215016097e-2,-5.586172268e-2,9.538412839e-2,1.112038238e-1
2.831187917e0,-5.063446704e-3,-4.704932123e-2,1.142419651e-1,1.236547764e-1
2.841219917e0,-4.411061853e-2,-4.151988029e-2,1.157680899e-1,1.306594725e-1
2.851252917e0,-8.712386340e-2,-4.078591242e-2,1.095916927e-1,1.458231714e-1
2.861284917e0,-1.376779079e-1,-3.224542737e-2,1.163964123e-1,1.831477510e-1
2.871317917e0,-1.865549088e-1,-4.113532603e-2,1.271324158e-1,2.294722209e-1
2.881349917e0,-2.328319103e-1,-4.251751304e-2,1.331341863e-1,2.715568981e-1
2.891381917e0,-2.742475569e-1,-1.561319362e-2,1.460521221e-1,3.111056359e-1
2.901414917e0,-3.086086512e-1,-1.042570733e-2,1.443521827e-1,3.408600117e-1
2.911446917e0,-3.324372768e-1,-3.167000785e-2,1.256701052e-1,3.568059806e-1
2.921479917e0,-3.372318745e-1,-4.190745577e-2,1.181086153e-1,3.597655028e-1
2.931511917e0,-3.163260818e-1,-5.679718778e-2,1.034660265e-1,3.376289815e-1
2.941544917e0,-2.711719275e-1,-6.187308580e-2,9.479029477e-2,2.938497796e-1
2.951576917e0,-1.865473390e-1,-4.899803177e-2,1.133927479e-1,2.237378646e-1
2.961609917e0,-7.063775510e-2,-5.965005234e-2,1.342210323e-1,1.629819214e-1
2.971641917e0,8.455795795e-2,-7.594620436e-2,1.843851358e-1,2.166004444e-1
2.981674917e0,2.962270677e-1,-7.384144515e-2,2.708391547e-1,4.081138106e-1
2.991706917e0,5.754970312e-1,-1.135838032e-1,3.388520181e-1,6.774354607e-1
3.001739917e0,9.272526503e-1,-1.969778240e-1,3.934848905e-1,1.026366455e0
3.011771917e0,1.386331320e0,-2.522362769e-1,4.339761436e-1,1.474405969e0
3.021804917e0,1.955608249e0,-2.765487134e-1,3.993261456e-1,2.015029574e0
3.031836917e0,2.658169508e0,-2.681770623e-1,4.072269201e-1,2.702520645e0
3.041869917e0,3.512874365e0,-2.101419270e-1,4.750856757e-1,3.551077630e0
3.051901917e0,4.539054394e0,-1.733570099e-1,3.738306761e-1,4.557720572e0
3.061934917e0,5.740539074e0,-1.784658283e-1,1.615838110e-1,5.745585109e0
3.071966917e0,7.136202335e0,-2.540426254e-1,-2.172902040e-2,7.140755813e0
3.081999917e0,8.743516922e0,-3.720085919e-1,-1.578790098e-1,8.752851212e0
3.092031917e0,1.053933048e1,-4.458426237e-1,-2.570117116e-1,1.055188693e1
3.102064917e0,1.239995670e1,-4.753394127e-1,-4.108727276e-1,1.241586446e1
3.112096917e0,1.415223408e1,-4.693582058e-1,-4.795937538e-1,1.416813455e1
3.122129917e0,1.579345989e1,-5.181787610e-1,-5.757289529e-1,1.581244284e1
3.132161917e0,1.735919380e1,-6.445800662e-1,-7.392328978e-1,1.738687891e1
3.142194917e0,1.880078316e1,-7.172675133e-1,-9.101100564e-1,1.883645987e1
3.152226917e0,2.011800385e1,-6.163030863e-1,-9.972401261e-1,2.015213130e1
3.162259917e0,2.132993698e1,-3.142382205e-1,-9.355865717e-1,2.135275812e1
3.172291917e0,2.252883720e1,3.288507164e-1,-5.543428063e-1,2.253805547e1
3.182324917e0,2.375515556e1,8.415317535e-1,3.235251009e-1,2.377225820e1
3.192356917e0,2.520258331e1,1.530576229e0,8.704377413e-1,2.526401653e1
3.202389917e0,2.673602104e1,1.897663713e0,1.535832644e0,2.684724810e1
3.212421917e0,2.829924583e1,2.719198227e0,2.500740767e0,2.853935981e1
3.222454917e0,2.978432274e1,3.361632824e0,3.562264681e0,3.018436989e1
3.232486917e0,3.087216187e1,4.429917812e0,4.406411648e0,3.149811127e1
3.242518917e0,3.118549347e1,3.789440393e0,5.661946774e0,3.192103543e1
3.252551917e0,3.083942604e1,7.270748615e0,7.355685711e0,3.252752828e1
3.262584917e0,3.018737030e1,8.557347298e0,8.318474770e0,3.246078466e1
3.272616917e0,2.940159988e1,7.006842136e0,8.022978783e0,3.127168209e1
3.282648917e0,2.869358253e1,3.813660145e0,6.510224819e0,2.966898565e1
3.292681917e0,2.833793831e1,4.511078835e0,4.845695019e0,2.910101957e1
3.302713917e0,2.806417084e1,5.936709881e0,4.887686729e0,2.909865445e1
3.312746917e0,2.766797638e1,7.295394421e0,4.759028435e0,2.900668972e1
3.322778917e0,2.723992348e1,8.592658997e0,4.655253410e0,2.893991368e1
3.332811917e0,2.675205231e1,9.865518570e0,4.558913231e0,2.887532596e1
3.342843917e0,2.620861435e1,1.108392334e1,4.464717865e0,2.880414082e1
3.352876917e0,2.563178253e1,1.225897980e1,4.394582748e0,2.875036033e1
3.362908917e0,2.500372887e1,1.337597370e1,4.317201614e0,2.868346840e1
3.372941917e0,2.434650993e1,1.445274830e1,4.265331268e0,2.863263051e1
3.382973917e0,2.364376640e1,1.548440456e1,4.211621761e0,2.857502812e1
3.393006917e0,2.291141510e1,1.646782684e1,4.182139397e0,2.852389442e1
3.403038917e0,2.213336563e1,1.741085434e1,4.162110806e0,2.846659251e1
3.413071917e0,2.130982971e1,1.831644630e1,4.152840137e0,2.840505463e1
3.423103917e0,2.044734573e1,1.918420029e1,4.159146786e0,2.834477007e1
3.433136917e0,1.954974937e1,2.001393318e1,4.175280094e0,2.828750936e1
3.443168917e0,1.861631393e1,2.080498695e1,4.207834721e0,2.823332251e1
3.453201917e0,1.764416504e1,2.156008530e1,4.248994350e0,2.818169248e1
3.463233917e0,1.662505913e1,2.227881813e1,4.303499699e0,2.812931634e1
3.473266917e0,1.557242298e1,2.295407486e1,4.370911121e0,2.808014911e1
3.483298917e0,1.447320557e1,2.359191132e1,4.452142715e0,2.803343599e1
3.493331917e0,1.333388710e1,2.419328499e1,4.537999153e0,2.799466056e1
3.503363917e0,1.214104557e1,2.474215889e1,4.635504246e0,2.794758154e1
3.513396917e0,1.090471840e1,2.524623680e1,4.740573406e0,2.790624289e1
3.523428917e0,9.622528076e0,2.569625282e1,4.856692791e0,2.786535341e1
3.533461917e0,8.293799400e0,2.608889198e1,4.976419449e0,2.782412881e1
3.543493917e0,6.923712730e0,2.641833878e1,5.099994659e0,2.778266307e1
3.553526917e0,5.505603313e0,2.667992020e1,5.231473923e0,2.773982929e1
3.563558917e0,4.051891327e0,2.686686516e1,5.361670017e0,2.769465241e1
3.573591917e0,2.562238455e0,2.698975945e1,5.467454433e0,2.765692027e1
3.583623917e0,1.070733190e0,2.703281021e1,5.420964241e0,2.759177687e1
3.593656917e0,-4.264893830e-1,2.698638344e1,5.518414497e0,2.754813393e1
3.603688917e0,-1.963912010e0,2.683514214e1,5.526259422e0,2.746855196e1
3.613721917e0,-3.429222107e0,2.658882904e1,5.607795715e0,2.738928197e1
3.623753917e0,-4.931339741e0,2.625070000e1,5.714342594e0,2.731430162e1
3.633786917e0,-6.410316467e0,2.582911682e1,5.710081100e0,2.721838458e1
3.643818917e0,-7.850669384e0,2.529451370e1,5.662176132e0,2.708330984e1
3.653851917e0,-9.235969543e0,2.466954803e1,5.655110359e0,2.694197481e1
3.663883917e0,-1.058507442e1,2.395945358e1,5.699634075e0,2.680643664e1
3.673916917e0,-1.189634705e1,2.320841217e1,5.793881416e0,2.671558591e1
3.683949625e0,-1.318556023e1,2.241852570e1,5.842566967e0,2.665679804e1
3.693982625e0,-1.442750263e1,2.159172630e1,5.851845741e0,2.661953372e1
3.704014625e0,-1.561041546e1,2.070541000e1,5.815344334e0,2.657474937e1
3.714047625e0,-1.672788620e1,1.974601364e1,5.777279377e0,2.651611187e1
3.724079625e0,-1.778208923e1,1.872055626e1,5.784634113e0,2.645985480e1
3.734112625e0,-1.878688049e1,1.766786003e1,5.843650818e0,2.644330561e1
3.744144625e0,-1.972148323e1,1.658328819e1,5.889646530e0,2.643161524e1
3.754177625e0,-2.059150696e1,1.544764614e1,5.925799370e0,2.641505306e1
3.764209625e0,-2.138499260e1,1.426781750e1,5.969116211e0,2.639164400e1
3.774242625e0,-2.211154938e1,1.303581905e1,6.021224499e0,2.636490733e1
3.784274625e0,-2.276818657e1,1.175920296e1,6.077476978e0,2.633637979e1
3.794307625e0,-2.336629677e1,1.043608284e1,6.142410278e0,2.631776688e1
3.804339625e0,-2.389054871e1,9.072415352e0,6.215634346e0,2.630021194e1
3.814372625e0,-2.435237694e1,7.669460297e0,6.298593044e0,2.629698002e1
3.824404625e0,-2.473448563e1,6.228899002e0,6.394285202e0,2.629602337e1
3.834437625e0,-2.504837990e1,4.761343479e0,6.486691952e0,2.630910298e1
3.844469625e0,-2.527014160e1,3.259112835e0,6.586004734e0,2.631686401e1
3.854502625e0,-2.539163017e1,1.732596636e0,6.688026428e0,2.631475767e1
3.864534625e0,-2.539523697e1,1.826706231e-1,6.792923450e0,2.628869031e1
3.874567625e0,-2.528347397e1,-1.375585914e0,6.896615982e0,2.624327732e1
3.884599625e0,-2.507056236e1,-2.919056654e0,7.095350266e0,2.621827577e1
3.894632625e0,-2.476487923e1,-4.368482113e0,7.273250103e0,2.617791142e1
3.904664625e0,-2.435356712e1,-5.828339577e0,7.238543034e0,2.606649725e1
3.914697625e0,-2.385681725e1,-7.359904766e0,7.246367455e0,2.599664918e1
3.924729625e0,-2.324993515e1,-8.836475372e0,7.446218967e0,2.596322319e1
3.934762625e0,-2.253920555e1,-1.016079235e1,7.635752201e0,2.587589998e1
3.944794625e0,-2.175401688e1,-1.138131046e1,7.633300304e0,2.571067389e1
3.954827625e0,-2.091761780e1,-1.260198784e1,7.489660263e0,2.554313690e1
3.964859625e0,-1.999816322e1,-1.385585022e1,7.295549870e0,2.539953081e1
3.974892625e0,-1.900689316e1,-1.508105469e1,7.264093876e0,2.532720391e1
3.984924625e0,-1.791788101e1,-1.621844292e1,7.253760338e0,2.523302181e1
3.994956625e0,-1.675846863e1,-1.727540970e1,7.238480091e0,2.513327764e1
4.004989625e0,-1.551669598e1,-1.825909615e1,7.219725132e0,2.502572431e1
4.015021625e0,-1.420576859e1,-1.916986656e1,7.199471474e0,2.492227988e1
4.025054625e0,-1.282512283e1,-2.000357437e1,7.194359303e0,2.482711359e1
4.035087625e0,-1.139411926e1,-2.078619194e1,7.187689781e0,2.477003459e1
4.045119625e0,-9.922017097e0,-2.152539825e1,7.170972347e0,2.476311850e1
4.055151625e0,-8.420392036e0,-2.216821098e1,7.153195381e0,2.476894799e1
4.065184625e0,-6.912917614e0,-2.268772125e1,7.119041443e0,2.476291333e1
4.075217625e0,-5.413594246e0,-2.307091522e1,7.080920696e0,2.473284395e1
4.085249625e0,-3.916252613e0,-2.331913948e1,7.045094013e0,2.467291329e1
4.095281625e0,-2.414075136e0,-2.344468307e1,7.011902809e0,2.458958528e1
4.105314625e0,-9.122499228e-1,-2.343250656e1,6.968502522e0,2.446374033e1
4.115346625e0,5.987379551e-1,-2.330592346e1,6.928992748e0,2.432150275e1
4.125379625e0,2.116425037e0,-2.309498787e1,6.892490864e0,2.419429995e1
4.135411625e0,3.654503345e0,-2.227103424e1,6.841318130e0,2.358300224e1
4.145444625e0,4.860409737e0,-3.046923399e0,5.291222095e0,7.804124312e0
4.155476625e0,4.768889427e0,1.912497520e1,1.938462257e0,1.980567138e1
4.165509625e0,2.883055210e0,7.897119045e0,-2.358791351e0,8.731574497e0
4.175541625e0,-1.620800376e0,2.776458931e1,-6.085559845e0,2.846986920e1
4.185574625e0,-8.322693825e0,3.463111877e1,-7.011047840e0,3.630063928e1
4.195606625e0,-1.452081394e1,3.466387558e1,-1.262643623e1,3.964675522e1
4.205639625e0,-1.795665932e1,3.466664124e1,-1.557977295e1,4.203506814e1
4.215671625e0,-1.485575008e1,4.657275677e0,-9.376315117e0,1.817412481e1
4.225704625e0,-9.227299690e0,-4.060247421e0,1.625028849e0,1.021123829e1
4.235736625e0,-2.231704712e0,2.862269640e0,1.305906534e0,3.857263964e0
4.245769625e0,-6.118756160e-2,2.252245426e0,1.827025771e0,2.900754479e0
4.255801625e0,-1.701344177e-2,4.466943443e-1,3.913581610e0,3.939028600e0
4.265834625e0,2.022288293e-1,1.549697161e0,4.327116013e0,4.600694597e0
4.275866625e0,2.272539027e-2,3.709072113e0,4.610405922e0,5.917226981e0
4.285899625e0,-2.197308838e-1,4.444450378e0,3.704201460e0,5.789864358e0
4.295931625e0,-6.025703549e-1,4.732892513e0,2.080304384e0,5.204904313e0
4.305964625e0,-7.228194475e-1,4.589113235e0,1.428098202e0,4.860235870e0
4.315996625e0,-8.570047021e-1,4.275204659e0,9.087210298e-1,4.453942730e0
4.326029625e0,-8.677932620e-1,4.185968876e0,7.698786259e-1,4.343744200e0
4.336061625e0,-9.085212350e-1,4.180465698e0,6.546707749e-1,4.327851443e0
4.346094625e0,-9.491642714e-1,3.991862297e0,6.900373101e-1,4.160772633e0
4.356126625e0,-1.155563474e0,3.005285263e0,7.733175159e-1,3.311357189e0
4.366159625e0,-1.292550325e0,2.298298359e0,8.688458800e-1,2.776284361e0
4.376191625e0,-1.329396844e0,2.154468775e0,8.629392982e-1,2.674639397e0
4.386224625e0,-1.299632072e0,2.303690910e0,6.180857420e-1,2.716259435e0
4.396256625e0,-1.225153089e0,2.440236807e0,1.670631617e-1,2.735628970e0
4.406289625e0,-1.160092711e0,2.530157089e0,-2.396222800e-1,2.793730272e0
4.416321625e0,-1.133238435e0,2.522582054e0,-3.528516293e-1,2.787858289e0
4.426354625e0,-1.172450423e0,2.244636774e0,-3.460190296e-1,2.555927114e0
4.436386625e0,-1.197965384e0,2.022434473e0,-2.919217050e-1,2.368666405e0
4.446419625e0,-1.191529274e0,1.984408975e0,-3.466348648e-1,2.340465065e0
4.456451625e0,-1.183537126e0,1.918602228e0,-3.883444965e-1,2.287489035e0
4.466484625e0,-1.177290082e0,1.816919446e0,-4.071173668e-1,2.202941842e0
4.476516625e0,-1.117381573e0,1.657708764e0,-1.061043620e0,2.263261693e0
4.486549625e0,-9.965283871e-1,1.368716598e0,-2.215297937e0,2.788189180e0
4.496581625e0,-9.212791920e-1,6.388466358e-1,-3.428195953e0,3.606855676e0
4.506614625e0,-7.195600271e-1,6.168990731e-1,-4.416641235e0,4.517195026e0
4.516646625e0,-7.373597622e-1,8.420959711e-1,-4.623550415e0,4.757104527e0
4.526679625e0,-1.032609224e0,9.668394923e-1,-4.088926315e0,4.326705308e0
4.536711625e0,-1.180335879e0,8.977389932e-1,-3.743401766e0,4.026435752e0
4.546744625e0,-1.088842869e0,6.496237516e-1,-3.386204004e0,3.615794155e0
4.556776625e0,-9.830337763e-1,5.729564428e-1,-3.165951014e0,3.364205747e0
4.566809625e0,-9.410383701e-1,6.991963983e-1,-2.921995878e0,3.148410508e0
4.576841625e0,-1.240782976e0,1.021899581e0,-2.626104832e0,3.079001094e0
4.586874625e0,-1.510733843e0,1.059335351e0,-2.476663589e0,3.088425273e0
4.596906625e0,-1.514379501e0,8.337612748e-1,-2.628725767e0,3.146220319e0
4.606939625e0,-1.332406998e0,1.091038465e0,-2.774989605e0,3.265921103e0
4.616971625e0,-9.340702891e-1,1.242427111e0,-2.761783600e0,3.169157788e0
4.627004625e0,-4.386472404e-1,1.192039847e0,-2.777903795e0,3.054524496e0
4.637036625e0,7.205463946e-2,1.307063937e0,-2.817426920e0,3.106686733e0
4.647069625e0,4.934200644e-1,1.353854895e0,-2.893514633e0,3.232462431e0
4.657101625e0,6.610713601e-1,1.235288262e0,-2.905498743e0,3.225658906e0
4.667134625e0,6.248547435e-1,1.172568798e0,-2.770131111e0,3.072293510e0
4.677166625e0,4.732390940e-1,1.161598682e0,-2.468272448e0,2.768688429e0
4.687199875e0,2.414909303e-1,1.186218023e0,-2.044164181e0,2.375718474e0
4.697231875e0,-2.378895134e-2,1.203483582e0,-1.537461519e0,1.952620436e0
4.707264875e0,-2.201376110e-1,1.159016609e0,-1.008576751e0,1.552097655e0
4.717296875e0,-2.825818062e-1,1.017117262e0,-5.413091779e-1,1.186337063e0
4.727329875e0,-3.409994841e-1,8.539864421e-1,-1.866689026e-1,9.383063309e-1
4.737361875e0,-5.367426276e-1,7.479710579e-1,4.359381739e-3,9.206369295e-1
4.747394875e0,-8.100602031e-1,6.803981662e-1,-3.237564582e-3,1.057898709e0
4.757426875e0,-1.081553936e0,6.187196374e-1,-1.569352597e-1,1.255866865e0
4.767459875e0,-1.280891180e0,5.193414688e-1,-3.101699352e-1,1.416546210e0
4.777491875e0,-1.344121814e0,3.434162438e-1,-3.643261194e-1,1.434340158e0
4.787524875e0,-1.278268576e0,1.048049852e-1,-3.059583604e-1,1.318546607e0
4.797556875e0,-1.246823549e0,-9.396536648e-2,-1.543882787e-1,1.259854830e0
4.807589875e0,-1.325104594e0,-2.125889808e-1,4.957044870e-2,1.342964441e0
4.817621875e0,-1.453420997e0,-2.790167332e-1,2.545214593e-1,1.501687086e0
4.827654875e0,-1.721415639e0,-2.295582145e-1,4.641570151e-1,1.797612447e0
4.837686875e0,-2.135354757e0,-7.090545446e-2,6.733009219e-1,2.240111974e0
4.847719875e0,-2.565508604e0,1.136651784e-1,8.461055160e-1,2.703821132e0
4.857751875e0,-2.875130177e0,2.461941987e-1,9.963189960e-1,3.052807995e0
4.867784875e0,-3.139559507e0,3.423818350e-1,1.138172746e0,3.357007063e0
4.877816875e0,-3.398297071e0,4.219474792e-1,1.271137238e0,3.652704825e0
4.887849875e0,-3.661170244e0,4.889080226e-1,1.390899301e0,3.946872113e0
4.897881875e0,-3.934019327e0,5.364179611e-1,1.522643924e0,4.252375432e0
4.907914875e0,-4.201151848e0,5.730352402e-1,1.661166549e0,4.553846785e0
4.917946875e0,-4.475184917e0,6.107067466e-1,1.814271450e0,4.867424747e0
4.927979875e0,-4.777496815e0,7.940089703e-1,1.943133116e0,5.218303591e0
4.938011875e0,-5.009945393e0,1.467669606e0,1.867542505e0,5.544485722e0
4.948044875e0,-5.087572575e0,2.537478447e0,1.669190049e0,5.925233075e0
4.958076875e0,-5.155730724e0,3.108915567e0,1.606902242e0,6.231296023e0
4.968109875e0,-5.394909382e0,3.499834061e0,1.511942387e0,6.606046887e0
4.978141875e0,-5.819318295e0,4.037253857e0,1.455898523e0,7.230734722e0
4.988174875e0,-6.415347576e0,4.688158035e0,1.394707561e0,8.067262204e0
4.998206875e0,-6.939726830e0,5.800098896e0,1.066507578e0,9.107051888e0
5.008239875e0,-7.588981628e0,6.691405773e0,7.016650438e-1,1.014198635e1
5.018271875e0,-8.489168167e0,7.346532345e0,4.533151388e-1,1.123579140e1
5.028304875e0,-9.430860519e0,8.124144554e0,3.584654927e-1,1.245276485e1
5.038336875e0,-1.014824009e1,8.745448112e0,3.915712535e-1,1.340234933e1
5.048369875e0,-1.035384750e1,8.939730644e0,5.450721383e-1,1.369007106e1
5.058401875e0,-1.016466904e1,7.346560955e0,7.531142831e-1,1.256422045e1
5.068434875e0,-9.725810051e0,4.437769890e0,7.498987913e-1,1.071669403e1
5.078466875e0,-8.778956413e0,2.319055319e0,9.317532778e-1,9.127773959e0
5.088499875e0,-7.413177967e0,1.842744827e0,1.103554487e0,7.718079332e0
5.098531875e0,-6.215915203e0,1.721573830e0,1.092854738e0,6.541846050e0
5.108564875e0,-5.509070396e0,1.578651428e0,9.529098272e-1,5.809477954e0
5.118596875e0,-5.300672054e0,1.320249677e0,5.379797220e-1,5.489044144e0
5.128629875e0,-5.333209515e0,1.212549090e0,-3.103328645e-1,5.478111491e0
5.138661875e0,-5.393731594e0,1.303333640e0,-1.249437451e0,5.687891791e0
5.148694875e0,-5.388756275e0,1.335272908e0,-2.064706326e0,5.923230550e0
5.158726875e0,-5.315912724e0,1.341766238e0,-2.425440073e0,5.995166742e0
5.168759875e0,-5.181558132e0,1.246943951e0,-2.309529066e0,5.808385180e0
5.178791875e0,-4.941774845e0,1.056967020e0,-1.944478035e0,5.414731086e0
5.188824875e0,-4.533675194e0,8.863356709e-1,-1.394777656e0,4.825474732e0
5.198856875e0,-3.948699474e0,7.637173533e-1,-8.631651402e-1,4.113459103e0
5.208889875e0,-3.256797791e0,6.376911402e-1,-4.941331744e-1,3.355227180e0
5.218921875e0,-2.539639711e0,4.735839665e-1,-2.716827989e-1,2.597664948e0
5.228954875e0,-1.822379708e0,2.867800593e-1,-1.515744478e-1,1.851022803e0
5.238987875e0,-1.124167085e0,1.074917838e-1,-6.745770574e-2,1.131307500e0
5.249019875e0,-4.528783560e-1,-5.080168694e-2,2.029842138e-2,4.561706288e-1
5.259052875e0,8.347882330e-2,-1.221847832e-1,1.338191330e-1,1.995128957e-1
5.269084875e0,4.628899992e-1,-6.928689033e-2,2.648736238e-1,5.377972305e-1
5.279116875e0,7.194152474e-1,2.858694829e-2,4.484735429e-1,8.482358343e-1
5.289149875e0,8.927918077e-1,4.508281499e-2,6.292095780e-1,1.093167126e0
5.299182875e0,1.013364792e0,-3.243274987e-2,7.377837300e-1,1.253907858e0
5.309214875e0,1.091024995e0,-1.157330647e-1,7.881840467e-1,1.350912200e0
5.319247875e0,1.140679598e0,-1.461911052e-1,7.568191886e-1,1.376697886e0
5.329279875e0,1.166741967e0,-1.423637569e-1,6.560184956e-1,1.346073744e0
5.339312875e0,1.134306192e0,-1.511567086e-1,4.938591123e-1,1.246352964e0
5.349344875e0,1.024829984e0,-2.095684856e-1,3.142023683e-1,1.092208118e0
5.359377875e0,8.581762314e-1,-2.852129042e-1,1.513924152e-1,9.169146679e-1
5.369409875e0,6.612071991e-1,-3.077756763e-1,3.535216302e-2,7.301853206e-1
5.379442875e0,4.692766368e-1,-2.586941421e-1,-3.759288415e-2,5.371745024e-1
5.389474875e0,3.005472422e-1,-1.714006215e-1,-1.081455946e-1,3.624945344e-1
5.399507875e0,1.849854887e-1,-1.036838889e-1,-1.915845573e-1,2.857877227e-1
5.409539875e0,1.308637410e-1,-6.483030319e-2,-2.881955802e-1,3.230866438e-1
5.419572875e0,1.358896643e-1,-4.788354039e-2,-3.710382581e-1,3.980304301e-1
5.429604875e0,1.866926551e-1,-4.461690784e-2,-4.120709300e-1,4.545847196e-1
5.439637875e0,2.786718309e-1,-4.568962753e-2,-3.925267756e-1,4.835522732e-1
5.449669875e0,3.941777050e-1,-6.945185363e-2,-3.264897764e-1,5.165222137e-1
5.459702875e0,5.163070560e-1,-1.049824134e-1,-2.316652536e-1,5.755545785e-1
5.469734875e0,6.337946057e-1,-1.505459696e-1,-1.342726648e-1,6.651231764e-1
5.479767875e0,7.404416800e-1,-1.828338653e-1,-4.233821481e-2,7.638551094e-1
5.489799875e0,8.377208114e-1,-1.939500123e-1,3.308514133e-2,8.605157707e-1
5.499832875e0,9.225392938e-1,-1.988520920e-1,9.089598060e-2,9.480943953e-1
5.509864875e0,9.997164011e-1,-2.015083283e-1,1.267981082e-1,1.027675167e0
5.519897875e0,1.069158554e0,-2.180409580e-1,1.454655379e-1,1.100818830e0
5.529929875e0,1.135461926e0,-2.417013645e-1,1.534384340e-1,1.170998159e0
5.539962875e0,1.182935715e0,-2.629429996e-1,1.482351422e-1,1.220839704e0
5.549994875e0,1.228783965e0,-2.783469856e-1,1.375732124e-1,1.267404224e0
5.560027875e0,1.252988935e0,-2.991241813e-1,1.132721305e-1,1.293169409e0
5.570059875e0,1.259693146e0,-3.252833188e-1,8.101749420e-2,1.303533618e0
5.580092875e0,1.255038381e0,-3.457715511e-1,4.643581808e-2,1.302626419e0
5.590124875e0,1.236310959e0,-3.614509106e-1,1.037018187e-2,1.288106785e0
5.600157875e0,1.201192617e0,-3.592769802e-1,-2.008546144e-2,1.253932645e0
5.610189875e0,1.163882136e0,-3.506994247e-1,-5.367313698e-2,1.216754913e0
5.620222875e0,1.125283122e0,-3.390808403e-1,-8.525982499e-2,1.178349337e0
5.630254875e0,1.093324065e0,-3.205171824e-1,-1.141087413e-1,1.145036934e0
5.640287875e0,1.077254534e0,-3.040660620e-1,-1.309084892e-1,1.126974061e0
5.650319875e0,1.082337141e0,-2.887709737e-1,-1.434037685e-1,1.129339189e0
5.660352875e0,1.114838600e0,-2.782685459e-1,-1.428450495e-1,1.157887385e0
5.670384875e0,1.175241709e0,-2.818106711e-1,-1.320146769e-1,1.215745945e0
5.680417875e0,1.255456924e0,-2.942444384e-1,-1.135062501e-1,1.294463421e0
5.690449500e0,1.359767795e0,-3.207154274e-1,-9.060372412e-2,1.400012813e0
5.700482500e0,1.480946660e0,-3.483582437e-1,-6.765499711e-2,1.522870209e0
5.710514500e0,1.613118410e0,-3.902713656e-1,-4.559430853e-2,1.660283586e0
5.720547500e0,1.753151894e0,-4.279132783e-1,-2.474974468e-2,1.804789153e0
5.730579500e0,1.901266813e0,-4.730296135e-1,-1.046268549e-2,1.959255465e0
5.740612500e0,2.050512552e0,-5.165632367e-1,-4.292141180e-3,2.114582164e0
5.750644500e0,2.200498581e0,-5.665826201e-1,-3.052773653e-3,2.272271812e0
5.760677500e0,2.354320288e0,-6.171379685e-1,-5.311933346e-3,2.433867602e0
5.770709500e0,2.508525372e0,-6.661153436e-1,-1.372800767e-2,2.595495646e0
5.780742500e0,2.675071239e0,-7.131451964e-1,-2.061041631e-2,2.768574904e0
5.790774500e0,2.841577530e0,-7.597339749e-1,-2.814008668e-2,2.941521789e0
5.800807500e0,3.020140171e0,-8.128576875e-1,-4.207614064e-2,3.127899403e0
5.810839500e0,3.208374023e0,-8.697273135e-1,-5.314192548e-2,3.324592236e0
5.820872500e0,3.409281731e0,-9.245687127e-1,-7.192920148e-2,3.533157658e0
5.830904500e0,3.627600908e0,-9.858794212e-1,-9.241595119e-2,3.760317446e0
5.840937500e0,3.871722460e0,-1.052954912e0,-1.161417812e-1,4.014030115e0
5.850969500e0,4.137741566e0,-1.128256559e0,-1.463223547e-1,4.291302641e0
5.861002500e0,4.440467358e0,-1.215420246e0,-1.713259816e-1,4.606989182e0
5.871034500e0,4.768464565e0,-1.309220910e0,-1.840712279e-1,4.948352849e0
5.881067500e0,4.945372581e0,-1.443065166e0,-1.918585747e-1,5.155187364e0
5.891099500e0,3.906813145e0,-1.176410317e0,-2.385927588e-1,4.087059663e0
5.901132500e0,2.003914595e0,-6.221692562e-1,-3.328958154e-1,2.124520631e0
5.911165500e0,2.516872883e-1,-9.950904548e-2,-3.174604774e-1,4.171686660e-1
5.921197500e0,-7.450819016e-1,1.826017350e-1,-3.350082934e-1,8.370907897e-1
5.931229500e0,-1.121367097e0,2.193779200e-1,-3.550015688e-1,1.196501965e0
5.941262500e0,-1.118013620e0,1.973383874e-1,-3.228636086e-1,1.180312588e0
5.951295500e0,-8.258961439e-1,1.750217825e-1,-2.548737824e-1,8.818717083e-1
5.961327500e0,-4.039030671e-1,6.012235209e-2,-1.319609135e-1,4.291457416e-1
5.971360500e0,1.443941239e-2,-5.676721781e-2,8.527103346e-4,5.858106148e-2
5.981392500e0,2.793107629e-1,-7.210195810e-2,1.307276189e-1,3.167063387e-1
5.991425500e0,3.090028763e-1,5.901826546e-3,2.225246578e-1,3.808343898e-1
6.001457500e0,1.379549503e-1,7.350031286e-2,2.848961353e-1,3.249610319e-1
6.011490500e0,-1.376999915e-1,1.481376588e-1,2.373005897e-1,3.117974077e-1
6.021522500e0,-4.448873401e-1,2.089677155e-1,1.190706268e-1,5.057371507e-1
6.031555500e0,-7.142330408e-1,2.346789390e-1,5.700006336e-2,7.539575905e-1
6.041587500e0,-8.650899529e-1,2.502749264e-1,1.061082259e-1,9.067949719e-1
6.051620500e0,-8.580768108e-1,2.604924142e-1,1.836714447e-1,9.153618469e-1
6.061652500e0,-7.456775308e-1,2.309854031e-1,1.994528174e-1,8.057112775e-1
6.071685500e0,-5.690730810e-1,1.625989228e-1,1.504651308e-1,6.106736746e-1
6.081717500e0,-3.517244756e-1,9.049597383e-2,8.878153563e-2,3.738740284e-1
6.091750500e0,-1.211531833e-1,2.634776570e-2,3.242969885e-2,1.281560921e-1
6.101782500e0,1.040626243e-1,-2.502301335e-2,-1.894294471e-2,1.086923002e-1
6.111815500e0,2.981557548e-1,-8.329721540e-2,-6.823226810e-2,3.170030325e-1
6.121847500e0,4.354110658e-1,-1.416574568e-1,-1.082145646e-1,4.704891320e-1
6.131880500e0,5.026449561e-1,-1.650427133e-1,-1.266132444e-1,5.439870980e-1
6.141912500e0,5.054985285e-1,-1.590058655e-1,-1.287621558e-1,5.453359701e-1
6.151945500e0,4.627780914e-1,-1.523036212e-1,-1.342066526e-1,5.053428347e-1
6.161977500e0,4.109393954e-1,-1.441769749e-1,-1.318974197e-1,4.550330934e-1
6.172010500e0,3.477358818e-1,-1.361968368e-1,-1.190417409e-1,3.919703534e-1
6.182042500e0,2.817081213e-1,-1.166359261e-1,-9.008385986e-2,3.179284615e-1
6.192075500e0,1.985114515e-1,-8.519951999e-2,-5.211218074e-2,2.222193375e-1
6.202107500e0,1.079080552e-1,-4.669899866e-2,-1.392192021e-2,1.184008645e-1
6.212140500e0,2.120230161e-2,-1.113849878e-2,9.538808838e-3,2.577969400e-2
6.222172500e0,-6.063823774e-2,2.467196435e-2,2.083593793e-2,6.870107722e-2
6.232205500e0,-1.254755855e-1,5.779398233e-2,2.524004504e-2,1.404326416e-1
6.242237500e0,-1.767345071e-1,8.146335930e-2,3.977052122e-2,1.986279418e-1
6.252270500e0,-2.135663033e-1,9.396956861e-2,5.576706305e-2,2.398975011e-1
6.262302500e0,-2.401462346e-1,9.787695855e-2,7.169941813e-2,2.690556069e-1
6.272335500e0,-2.459654212e-1,1.015005708e-1,8.721145242e-2,2.800128421e-1
6.282367500e0,-2.418809235e-1,8.632375300e-2,9.227811545e-2,2.728981900e-1
6.292400500e0,-2.245338559e-1,7.268339396e-2,9.043461829e-2,2.527384980e-1
6.302433500e0,-1.904975921e-1,5.803867057e-2,7.012029737e-2,2.111271559e-1
6.312465500e0,-1.499833763e-1,4.471224174e-2,4.696138203e-2,1.634000279e-1
6.322497500e0,-1.004946604e-1,2.845364250e-2,2.311011218e-2,1.069713225e-1
6.332530500e0,-4.524703696e-2,1.025425736e-2,-2.270961180e-3,4.644998830e-2
6.342563500e0,8.992768824e-3,-7.124466356e-3,-2.523673140e-2,2.772220272e-2
6.352595500e0,6.727770716e-2,-2.526589297e-2,-4.113666341e-2,8.280628179e-2
6.362628500e0,1.194181442e-1,-4.361454025e-2,-4.991257936e-2,1.365803312e-1
6.372660500e0,1.690479964e-1,-5.946364254e-2,-5.479759723e-2,1.873924399e-1
6.382693500e0,2.086377442e-1,-6.883663684e-2,-5.935266614e-2,2.275762067e-1
6.392725500e0,2.292301953e-1,-7.524152100e-2,-6.256613880e-2,2.492434365e-1
6.402758500e0,2.194281667e-1,-7.561276853e-2,-5.661876127e-2,2.388968297e-1
6.412790500e0,1.909541339e-1,-5.934398249e-2,-4.795359448e-2,2.056325284e-1
6.422823500e0,1.377604306e-1,-4.485026002e-2,-3.823172301e-2,1.498370672e-1
6.432855500e0,7.053030282e-2,-2.220932394e-2,-2.540680580e-2,7.818748920e-2
6.442888500e0,6.844799966e-3,-3.154672682e-3,-1.033331454e-2,1.278986457e-2
6.452920500e0,-4.905976355e-2,1.487828977e-2,3.335912712e-3,5.137462623e-2
6.462953500e0,-8.124113828e-2,2.553705871e-2,1.737902686e-2,8.691544449e-2
6.472985500e0,-9.731145203e-2,3.493122011e-2,3.046555817e-2,1.077861729e-1
6.483018500e0,-1.089201644e-1,3.823114187e-2,3.976771608e-2,1.220929714e-1
6.493050500e0,-1.128319576e-1,4.284687340e-2,4.952166602e-2,1.304580416e-1
6.503083500e0,-1.201015860e-1,4.398617521e-2,4.912006110e-2,1.370107841e-1
6.513115500e0,-1.254748404e-1,4.530852288e-2,4.596429318e-2,1.411010775e-1
6.523148500e0,-1.212880909e-1,4.646779597e-2,3.981053084e-2,1.358489434e-1
6.533180500e0,-1.118558571e-1,4.150723666e-2,2.953353524e-2,1.229097765e-1
6.543213500e0,-9.972009808e-2,2.572001703e-2,1.592930965e-2,1.042082537e-1
6.553245500e0,-7.975704223e-2,1.567883417e-2,2.248917241e-3,8.131463125e-2
6.563278500e0,-3.155090287e-2,9.879267775e-3,-7.162693888e-3,3.382844347e-2
6.573310500e0,1.879378222e-2,-1.742375828e-2,-8.205370046e-3,2.690950948e-2
6.583343500e0,5.305428430e-2,-4.304549843e-2,-1.354580745e-2,6.965027579e-2
6.593375500e0,7.201474905e-2,-2.491017617e-2,-2.155371942e-2,7.919093243e-2
6.603408500e0,1.393218786e-1,-1.569167944e-3,-2.790882066e-2,1.420983828e-1
6.613440500e0,2.010613531e-1,-5.185941979e-2,-2.884697542e-2,2.096359108e-1
6.623473500e0,1.719271690e-1,-7.809288800e-2,-4.565178603e-2,1.942718100e-1
6.633506500e0,5.706302822e-2,-3.261306882e-2,-4.946243390e-2,8.225772799e-2
6.643538500e0,-9.458210319e-3,2.076173760e-2,-1.973090321e-2,3.016315686e-2
6.653571500e0,2.998294309e-2,1.501743961e-2,2.741149860e-3,3.364541977e-2
6.663603500e0,9.815640748e-2,-4.004341736e-2,-1.491187979e-2,1.070538171e-1
6.673636500e0,1.073237360e-1,-7.790254802e-2,-3.319759294e-2,1.367087103e-1
6.683667625e0,3.640641645e-2,-2.525905147e-2,-6.356391124e-3,4.476438928e-2
6.693700625e0,-7.240417600e-2,3.779654577e-2,4.580477625e-2,9.364305154e-2
6.703732625e0,-1.486043930e-1,6.520792842e-2,5.503582209e-2,1.713600924e-1
6.713765625e0,-1.669431031e-1,4.456418008e-2,3.268593922e-2,1.758531673e-1
6.723797625e0,-1.484423876e-1,2.507516555e-2,2.003432624e-2,1.518725801e-1
6.733830625e0,-1.093791425e-1,3.622955084e-2,2.839665115e-2,1.186707503e-1
6.743862625e0,-5.980679765e-2,4.732561111e-2,2.798306197e-2,8.123803463e-2
6.753895625e0,-2.326769568e-2,2.535506524e-2,2.160772122e-2,4.063445105e-2
6.763927625e0,-1.272583846e-2,1.291091088e-2,1.627128012e-2,2.435966217e-2
6.773960625e0,-1.599411666e-2,2.090617456e-2,1.395012904e-2,2.979070329e-2
6.783992625e0,-7.221664302e-3,2.923121490e-2,-9.151035920e-4,3.012397341e-2
6.794025625e0,6.317605730e-3,6.750654429e-3,-1.124820858e-2,1.456041461e-2
6.804057625e0,1.629220881e-2,-1.694162562e-2,-1.335823163e-2,2.703510864e-2
6.814090625e0,3.683267906e-2,-2.727822028e-2,-7.375480607e-3,4.642354212e-2
6.824122625e0,7.525304705e-2,-3.523920849e-2,-4.992750473e-3,8.324512275e-2
6.834155625e0,1.105007976e-1,-4.936318472e-2,-3.055831976e-2,1.248237205e-1
6.844187625e0,1.220080554e-1,-5.630231649e-2,-5.298746005e-2,1.444423323e-1
6.854220625e0,1.101106703e-1,-4.711297899e-2,-5.892739445e-2,1.334782017e-1
6.864252625e0,8.191844076e-2,-2.278047614e-2,-4.005250707e-2,9.398821390e-2
6.874285625e0,6.066492945e-2,-9.362179786e-3,-1.464392431e-2,6.310569384e-2
6.884317625e0,3.448233008e-2,-6.235362031e-3,5.542570725e-3,3.547718870e-2
6.894350625e0,-3.586956766e-3,-2.729133936e-3,2.239790186e-2,2.284689123e-2
6.904382625e0,-4.758344218e-2,1.111477613e-2,3.369609639e-2,5.935612125e-2
6.914415625e0,-8.099889755e-2,2.775244229e-2,3.034315631e-2,9.083901470e-2
6.924448625e0,-8.311530948e-2,3.283854574e-2,1.335857995e-2,9.036025904e-2
6.934480625e0,-6.459149718e-2,2.584452182e-2,-2.458516974e-4,6.957054879e-2
6.944513625e0,-4.825619981e-2,2.008516714e-2,-7.098697126e-3,5.274908776e-2
6.954545625e0,-3.982013091e-2,1.562826894e-2,8.795866743e-3,4.367210652e-2
6.964578625e0,-5.735251680e-2,2.198123932e-2,3.185883909e-2,6.919155797e-2
6.974610625e0,-6.214223430e-2,3.372142091e-2,4.642315581e-2,8.458073603e-2
6.984643625e0,-4.645408317e-2,2.652342618e-2,4.011758789e-2,6.686475034e-2
6.994675625e0,-1.819896698e-2,2.885143273e-3,1.386490744e-2,2.305996767e-2
7.004708625e0,9.771147743e-3,-9.683113545e-3,-9.485955350e-3,1.670991816e-2
7.014740625e0,2.566320635e-2,-8.427832276e-3,-1.717681810e-2,3.201049199e-2
7.024773625e0,3.036847897e-2,-8.782299235e-3,-1.430859417e-2,3.470027611e-2
7.034805625e0,2.711019106e-2,-1.260113809e-2,-1.183992345e-2,3.215485854e-2
7.044838625e0,2.406486683e-2,-9.543030523e-3,-2.063155174e-2,3.310359760e-2
7.054870625e0,3.479977325e-2,-9.659118950e-3,-2.615655959e-2,4.459247029e-2
7.064903625e0,5.070443824e-2,-1.640863344e-2,-2.504921705e-2,5.888672671e-2
7.074935625e0,6.672859192e-2,-2.061362937e-2,-2.158031054e-2,7.309812924e-2
7.084968625e0,1.287232488e-1,6.874208152e-2,7.624924183e-5,1.459285934e-1
7.095000625e0,1.179158926e0,-4.266979098e-1,-3.151466697e-2,1.254384332e0
7.105033625e0,2.526521206e0,-7.032240033e-1,-3.709505498e-2,2.622824707e0
7.115066625e0,2.471785069e0,5.233757943e-2,8.963739127e-2,2.473963522e0
7.125098625e0,1.499618053e0,5.364209414e-1,1.450239569e-1,1.599260354e0
7.135131625e0,1.529621780e-1,6.844090819e-1,1.883185953e-1,7.261384941e-1
7.145163625e0,-8.406323195e-1,6.774475574e-1,1.556237638e-1,1.090787168e0
7.155196625e0,-1.207280517e0,5.624065995e-1,5.931342766e-2,1.333171224e0
7.165228625e0,-1.104711533e0,3.680067956e-1,-3.040724993e-1,1.203443666e0
7.175261625e0,-6.511561275e-1,-1.294680685e-2,-5.694303513e-1,8.651143549e-1
7.185293625e0,-2.705509961e-1,-3.249188066e-1,-4.813492298e-1,6.406771054e-1
7.195326625e0,-6.049565077e-1,-2.340727150e-1,-1.093992144e-1,6.578226206e-1
7.205358625e0,-9.928842783e-1,-1.415845901e-1,3.088519163e-2,1.003403848e0
7.215391625e0,-1.219752669e0,-1.869131923e-1,-2.124246210e-1,1.252141100e0
7.225423625e0,-1.767597675e0,-1.692207456e-1,-4.006877244e-1,1.820326305e0
7.235456625e0,-2.687365770e0,1.129206792e-1,-5.068175793e-1,2.737069587e0
7.245488625e0,-3.693449497e0,5.414041281e-1,-6.063132882e-1,3.781838630e0
7.255521625e0,-4.752645969e0,1.099918485e0,-6.487994194e-1,4.921219876e0
7.265553625e0,-5.686136246e0,1.627788424e0,-6.470529437e-1,5.949833449e0
7.275586625e0,-5.439223289e0,1.496748567e0,-5.073289275e-1,5.664167097e0
7.285619625e0,-4.502027035e0,1.265378475e0,-2.674114108e-1,4.684115602e0
7.295651625e0,-3.385027409e0,1.327556133e0,-2.412716597e-1,3.644040046e0
7.305684625e0,-2.487927675e0,1.587254047e0,-3.749447465e-1,2.974851776e0
7.315716625e0,-1.319114923e0,1.747190356e0,-6.564386487e-1,2.285530578e0
7.325749625e0,1.531956047e-1,1.694035769e0,-9.144843221e-1,1.931193324e0
7.335781625e0,1.351523995e0,1.622516870e0,-1.100082040e0,2.381041495e0
7.345814625e0,2.184741974e0,1.494554043e0,-1.109795690e0,2.870267540e0
7.355846625e0,2.760778904e0,1.280401349e0,-9.420153499e-1,3.185705682e0
7.365879625e0,3.121809483e0,1.113736510e0,-6.326769590e-1,3.374371585e0
7.375911625e0,3.364109516e0,9.601642489e-1,-2.926652431e-1,3.510669618e0
7.385944625e0,3.419031143e0,7.761555314e-1,3.594397567e-4,3.506022176e0
7.395976625e0,3.154660940e0,5.707859993e-1,1.943241954e-1,3.211766523e0
7.406009625e0,2.734246016e0,4.588157833e-1,3.489462435e-1,2.794347272e0
7.416041625e0,2.296698570e0,5.039561987e-1,5.215724111e-1,2.408492050e0
7.426074625e0,1.828498602e0,6.825994253e-1,6.585017443e-1,2.059847970e0
7.436107625e0,1.336493731e0,9.515907168e-1,6.891471148e-1,1.779512329e0
7.446139625e0,8.891698122e-1,1.203639507e0,6.530873775e-1,1.632756608e0
7.456172625e0,4.585854113e-1,1.382608414e0,5.802997351e-1,1.568009690e0
7.466204625e0,4.837977886e-2,1.458817959e0,5.129646063e-1,1.547133843e0
7.476237625e0,-2.973108590e-1,1.409305453e0,4.353913665e-1,1.504693075e0
7.486269625e0,-3.133731782e-1,1.236745954e0,3.756654561e-1,1.329987909e0
7.496302625e0,1.455845963e-2,1.000972748e0,3.579928279e-1,1.063163795e0
7.506334625e0,4.858077168e-1,7.816885114e-1,3.722897470e-1,9.927969190e-1
7.516367625e0,1.002666116e0,5.115697980e-1,3.719156981e-1,1.185480613e0
7.526399625e0,1.448552251e0,2.415681183e-1,3.920444250e-1,1.519986056e0
7.536432625e0,1.820052981e0,-4.857553542e-2,4.585652947e-1,1.877560803e0
7.546464625e0,2.082061529e0,-3.838422000e-1,5.443467498e-1,2.186007418e0
7.556497625e0,2.181803465e0,-7.479705811e-1,6.689195633e-1,2.401495312e0
7.566530625e0,2.281415701e0,-1.119896173e0,8.071256280e-1,2.666547734e0
7.576562625e0,2.387655020e0,-1.436224222e0,9.308210611e-1,2.937697118e0
7.586595625e0,2.393413305e0,-1.627562523e0,1.097816944e0,3.095575723e0
7.596627625e0,2.369957924e0,-1.665767908e0,1.318898559e0,3.182919523e0
7.606660625e0,2.371898651e0,-1.593027115e0,1.491879344e0,3.223250312e0
7.616692625e0,2.356720209e0,-1.415407538e0,1.546725154e0,3.154341032e0
7.626725625e0,2.293146849e0,-1.154362440e0,1.476447225e0,2.961582604e0
7.636757625e0,2.161944151e0,-8.957926631e-1,1.306102276e0,2.679990702e0
7.646790625e0,1.935534954e0,-6.535862088e-1,1.106306076e0,2.323226985e0
7.656822625e0,1.780808449e0,-3.743041456e-1,9.197527766e-1,2.038952548e0
7.666855625e0,1.765085101e0,-9.641341120e-2,7.766379714e-1,1.930799704e0
7.676888625e0,1.838467956e0,9.798348695e-2,6.668186188e-1,1.958114465e0
7.686921875e0,1.847086549e0,2.083605975e-1,6.103489399e-1,1.956442865e0
7.696954875e0,1.755796075e0,1.650343090e-1,5.837955475e-1,1.857652664e0
7.706986875e0,1.586252093e0,-2.067963034e-2,6.538699865e-1,1.715858185e0
7.717019875e0,1.300146341e0,-2.650458515e-1,7.357814908e-1,1.517235715e0
7.727051875e0,7.921856046e-1,-4.470891356e-1,7.502310276e-1,1.179107002e0
7.737084875e0,1.732793748e-1,-4.352838695e-1,7.146645784e-1,8.545427131e-1
7.747116875e0,-2.677864432e-1,-2.419684827e-1,6.428135633e-1,7.372025522e-1
7.757149875e0,-3.947061896e-1,7.384487242e-2,5.600208640e-1,6.891076907e-1
7.767181875e0,-2.497473955e-1,4.359780550e-1,4.697066844e-1,6.878044746e-1
7.777214875e0,5.924324691e-2,7.598720789e-1,4.440395236e-1,8.820920797e-1
7.787247875e0,4.300612509e-1,8.583427072e-1,2.917242944e-1,1.003398199e0
7.797279875e0,7.494775653e-1,7.730838060e-1,1.072704494e-1,1.082073076e0
7.807312875e0,1.275890231e0,4.105186462e-1,4.447076023e-1,1.412156610e0
7.817344875e0,1.107484460e0,1.588753462e-1,5.185622573e-1,1.233154499e0
7.827377875e0,9.915282726e-1,-5.546038225e-2,7.541286945e-1,1.246962011e0
7.837409875e0,1.044095516e0,-2.328599431e-2,8.532440066e-1,1.348592978e0
7.847442875e0,1.005056739e0,5.015519857e-1,6.863461137e-1,1.316345103e0
7.857474875e0,1.225228786e0,8.882635832e-1,8.278263211e-1,1.724962084e0
7.867507875e0,1.297684789e0,8.511881232e-1,4.962257445e-1,1.629339443e0
7.877539875e0,1.327999711e0,1.022612095e0,2.421043664e-1,1.693497344e0
7.887572875e0,1.306498408e0,1.184540272e0,6.850035489e-2,1.764869980e0
7.897605875e0,1.320657134e0,1.259680986e0,-9.891597927e-2,1.827762519e0
7.907637875e0,1.247143269e0,1.219500780e0,-3.581619263e-1,1.780682018e0
7.917670875e0,1.058705091e0,1.220612526e0,-4.882540107e-1,1.687940576e0
7.927702875e0,9.085012078e-1,1.192673206e0,-4.914940000e-1,1.577786479e0
7.937735875e0,9.134818316e-1,1.057473421e0,-4.005038738e-1,1.453651418e0
7.947767875e0,1.014071345e0,8.272090554e-1,-3.039880097e-1,1.343511900e0
7.957800875e0,1.169061184e0,5.451876521e-1,-1.998136938e-1,1.305319555e0
7.967832875e0,1.339812398e0,2.551031411e-1,-5.484504625e-2,1.364984562e0
7.977865875e0,1.476705074e0,-1.338015124e-2,-1.210117992e-2,1.476815271e0
7.987898875e0,1.570908308e0,-2.791298032e-1,-7.858300209e-2,1.597448480e0
7.997930875e0,1.502743840e0,-4.367930293e-1,-1.148889437e-1,1.569148390e0
8.007963875e0,1.337659836e0,-4.181873798e-1,-1.967752874e-1,1.415250873e0
8.017995875e0,1.112620711e0,-2.170472145e-1,-3.150349855e-1,1.176554879e0
8.028028875e0,8.856546879e-1,1.041369513e-1,-4.142742455e-1,9.832862662e-1
8.038060875e0,7.605447173e-1,4.209069908e-1,-4.751871526e-1,9.906532148e-1
8.048093875e0,6.944764853e-1,6.300237775e-1,-5.414732099e-1,1.082783813e0
8.058125875e0,6.141502261e-1,7.361564636e-1,-6.241409183e-1,1.143966225e0
8.068158875e0,5.410243273e-1,7.471680641e-1,-6.718977690e-1,1.141233565e0
8.078191875e0,4.738869369e-1,6.519530416e-1,-7.107084990e-1,1.074578135e0
8.088223875e0,3.260474205e-1,4.883052707e-1,-7.259220481e-1,9.336550635e-1
8.098256875e0,1.113472581e-1,3.067029417e-1,-7.024189234e-1,7.745045192e-1
8.108288875e0,-1.004819050e-1,1.852004826e-1,-6.562008262e-1,6.891990687e-1
8.118321875e0,-2.291059792e-1,1.701866984e-1,-6.256381273e-1,6.876598930e-1
8.128353875e0,-2.107916921e-1,2.772479057e-1,-6.016153693e-1,6.951550844e-1
8.138386875e0,-9.299897403e-2,4.598945379e-1,-5.918093324e-1,7.552417368e-1
8.148418875e0,5.019280314e-2,6.553170085e-1,-5.772282481e-1,8.747297580e-1
8.158451875e0,1.675573289e-1,7.739515305e-1,-5.998449326e-1,9.934235618e-1
8.168483875e0,1.901550442e-1,8.155083060e-1,-6.329999566e-1,1.049715049e0
8.178516875e0,1.935328543e-1,7.926189899e-1,-6.457589865e-1,1.040530873e0
8.188549875e0,2.038464844e-1,7.360761166e-1,-6.276244521e-1,9.885716421e-1
8.198581875e0,2.439688146e-1,6.326408386e-1,-5.801996589e-1,8.924050971e-1
8.208614875e0,3.133740127e-1,4.825964868e-1,-5.086826086e-1,7.680238520e-1
8.218646875e0,2.523125112e-1,3.552202582e-1,-4.446651340e-1,6.225512963e-1
8.228679875e0,2.714333311e-2,2.353478968e-1,-3.675479889e-1,4.372835661e-1
8.238711875e0,-9.329849854e-3,8.464680612e-2,-3.388824165e-1,3.494186888e-1
8.248744875e0,9.213525802e-2,-4.929901287e-2,-3.625435531e-1,3.773024335e-1
8.258776875e0,2.332277149e-1,-1.053444892e-1,-3.629009724e-1,4.440605186e-1
8.268809875e0,4.342561662e-1,-1.274796277e-1,-3.343335092e-1,5.626796324e-1
8.278842875e0,5.726310611e-1,-1.809624285e-1,-3.248685300e-1,6.827834902e-1
8.288874875e0,5.066770911e-1,-2.689564824e-1,-3.096056879e-1,6.518550039e-1