Time (s),Gyroscope x (rad/s),Gyroscope y (rad/s),Gyroscope z (rad/s),Absolute (rad/s)
0.011146208,-1.068858862,-1.030727506,-0.270633548,1.509337926
0.021179208,-1.270006299,-1.32920897,-0.29798767,1.862393389
0.031212583,-1.43994081,-1.572959065,-0.314045519,2.155517188
0.041245583,-1.602283359,-1.720923424,-0.367120475,2.379845969
0.051278583,-1.740832925,-1.559964657,-0.46957922,2.384217617
0.061311583,-1.835500836,-1.375629187,-0.565383255,2.36243036
0.071344583,-1.883252263,-1.240422964,-0.519821703,2.314195934
0.081377583,-1.863642335,-1.415516138,-0.323787749,2.362559459
0.091411583,-1.762401938,-1.681240797,-0.025864005,2.435836644
0.101444583,-1.586034894,-1.751351953,0.303632677,2.382211819
0.111477583,-1.346159458,-1.588783503,0.562140286,2.156937645
0.121510583,-1.077388406,-1.25594902,0.721200764,1.805077356
0.131543583,-0.847660124,-0.864216447,0.821124196,1.462751756
0.141576583,-0.725822866,-0.575286627,0.928371012,1.31135284
0.151609583,-0.685718775,-0.328005105,1.040941834,1.288936573
0.161642583,-0.67594099,-0.1207041,1.076171756,1.276562317
0.171675583,-0.631764948,0.043589842,1.043818712,1.22089497
0.181708583,-0.508621693,0.203213319,0.972307742,1.115963272
0.191741583,-0.330075055,0.377168775,0.90575105,1.035176695
0.201774583,-0.114798725,0.670365751,0.850841761,1.089266124
0.211807583,0.082798794,1.078261018,0.784416735,1.335968591
0.221840583,0.227582604,1.472888231,0.718592703,1.654560079
0.231873583,0.289791793,1.502792597,0.663330138,1.668044287
0.241906583,-0.029086333,-0.245230719,0.235227272,0.341051301
0.251939583,-0.089117534,-0.516096056,-0.13556841,0.540995256
0.261972583,-0.025576111,-0.541000605,-0.361984253,0.651435638
0.272005583,0.029585985,-0.57238549,-0.553907096,0.797065588
0.282038583,0.094046734,-0.56208837,-0.749781311,0.941785611
0.292071583,0.136830375,-0.754370272,-0.858709157,1.151163965
0.302104583,0.13559626,-0.879066646,-0.879991531,1.251211257
0.312137583,0.058722701,-0.896283686,-0.862455785,1.24523202
0.322170583,-0.018169684,-0.850863457,-0.779402971,1.154022422
0.332203583,-0.030959297,-0.507647574,-0.523315847,0.729742429
0.342236583,0.0363774,0.084915102,-0.17535919,0.198203772
0.352269583,0.165766627,0.382077843,0.112894945,0.431517463
0.362302583,0.295403421,0.397160679,0.250769734,0.554874081
0.372335583,0.433901519,0.409728795,0.219239801,0.635778502
0.382368583,0.465276748,0.371779025,0.130036145,0.609599454
0.392401583,0.28399986,0.215619445,0.146486178,0.385494314
0.402434583,0.013128675,-0.00262128,0.211802334,0.212225026
0.412467583,-0.257797331,-0.234051108,0.223915964,0.413977951
0.422500583,-0.451274902,-0.141803473,0.320328802,0.571286096
0.432533583,-0.584555507,0.114147723,0.416587323,0.726828618
0.442566583,-0.586267889,0.247343332,0.437189281,0.772025406
0.452599583,-0.518361926,0.34692049,0.43725127,0.761735903
0.462632583,-0.435373813,0.364525855,0.394209802,0.691253082
0.472665583,-0.371035367,0.326792985,0.314569503,0.586016101
0.482698583,-0.351497352,0.230736494,0.168724418,0.453053691
0.492731583,-0.358862817,0.049659394,0.027509836,0.36332543
0.502764583,-0.380613923,-0.147027835,-0.034265645,0.409460959
0.512797583,-0.415041864,-0.25934872,0.003526183,0.489422048
0.522830583,-0.487561345,-0.264442831,0.065238014,0.558481938
0.532863583,-0.587881744,-0.260296941,0.068048686,0.646521512
0.542896583,-0.710449159,-0.291654617,0.020871319,0.768268205
0.552929583,-0.839943945,-0.353877962,-0.032210484,0.912015876
0.562962583,-0.960151076,-0.377688199,-0.071284115,1.034224294
0.572995583,-1.058395386,-0.349100679,-0.089884065,1.118101615
0.583028583,-1.118081331,-0.194783285,-0.1319471,1.142565722
0.593061583,-1.126822114,0.016207431,-0.15466848,1.137503009
0.603094583,-1.077656746,0.278252363,-0.137327313,1.121439803
0.613127583,-0.95782131,0.547740459,-0.091291398,1.107147412
0.623160583,-0.790950537,0.644940257,-0.012314023,1.020638193
0.633193583,-0.567758083,0.549387932,0.091218799,0.795296932
0.643226583,-0.294756621,0.428036213,0.216444373,0.562978358
0.653259583,-0.006897695,0.255597293,0.302159071,0.395825288
0.663292583,0.243288979,0.02510681,0.32275492,0.40495755
0.673325583,0.387492687,-0.142597288,0.312674344,0.517928387
0.683358583,0.377740204,-0.227828309,0.254376143,0.509215694
0.693391583,0.259391636,-0.171756342,0.148427203,0.344695367
0.703424583,0.078241535,0.026356205,0.012424895,0.083491109
0.713457583,-0.111981839,0.34138751,-0.172643617,0.398611569
0.723490583,-0.288775772,0.67436409,-0.419229448,0.844932957
0.733523583,-0.434526324,1.024937153,-0.689098358,1.309261563
0.743556583,-0.548085093,1.305559874,-0.895171881,1.675176573
0.753589583,-0.598891318,1.484870076,-0.984341919,1.879478377
0.763622583,-0.594945312,1.499255419,-0.940239668,1.867023666
0.773655583,-0.550548911,1.313067317,-0.788478434,1.627558946
0.783688583,-0.495782048,0.952557564,-0.568906128,1.215244804
0.793721583,-0.438534558,0.53556931,-0.332638472,0.767981378
0.803754583,-0.398371696,0.207749903,-0.203227222,0.493113916
0.813787583,-0.340762496,0.134095609,-0.247155696,0.441799331
0.823820583,-0.234987855,0.178568542,-0.404884607,0.501036487
0.833853583,-0.077773713,0.201504648,-0.56750536,0.607219241
0.843886583,0.112023912,0.11965584,-0.674799323,0.694421344
0.853919583,0.324173063,-0.076561712,-0.675575554,0.753227854
0.863952583,0.518354595,-0.292268455,-0.588039577,0.836601984
0.873985583,0.680309832,-0.517001987,-0.442046493,0.962038265
0.884018583,0.782379985,-0.658792913,-0.259694248,1.055257147
0.894051583,0.824331045,-0.657478094,-0.080369629,1.057477373
0.904084583,0.775784791,-0.834197998,-0.008256286,1.13920872
0.914117583,0.642626643,-0.978532195,-0.081232823,1.173496072
0.924150583,0.436162949,-1.009073615,-0.184631914,1.114700239
0.934183583,0.157100022,-0.950790107,-0.279989868,1.003532048
0.944216583,-0.221427053,-0.854637444,-0.333108217,0.943608067
0.954249583,-0.675408423,-0.774712801,-0.312139452,1.074145008
0.964282583,-1.12575686,-0.679712534,-0.166628093,1.325557452
0.974315583,-1.491623163,-0.576621652,0.068553761,1.600666051
0.984348583,-1.737292647,-0.5292781,0.27969262,1.837538846
0.994381583,-1.83335948,-0.555015624,0.400906771,1.957032336
1.004414583,-1.765444398,-0.574863136,0.422693014,1.904187735
1.014447583,-1.533733249,-0.558211148,0.366993934,1.67290822
1.024479625,-1.169636607,-0.512004495,0.270254076,1.30508071
1.034512625,-0.725067079,-0.431424946,0.157936782,0.858366926
1.044545625,-0.231494904,-0.306140244,0.004552286,0.38383911
1.054578625,0.302790731,-0.215331942,-0.145193845,0.398912678
1.064611625,0.821172953,-0.240735561,-0.220672891,0.883727986
1.074644625,1.271670699,-0.246015549,-0.166563556,1.305914789
1.084677625,1.593462348,-0.243586749,-0.013215804,1.612027114
1.094710625,1.779910445,-0.206995934,0.131446779,1.796721115
1.104743625,1.855918169,-0.122192092,0.200481504,1.870710023
1.114776625,1.837604165,-0.043182548,0.186063737,1.847504672
1.124809625,1.744837523,0.022803128,0.145836964,1.751070068
1.134842625,1.575835228,0.132371575,0.131067812,1.586807383
1.144875625,1.335475326,0.269203454,0.106634639,1.366504955
1.154908625,1.039214373,0.42433241,0.065413482,1.124412482
1.164941625,0.702807307,0.538592875,0.021539237,0.885711203
1.174974625,0.360858053,0.582455814,0.01343485,0.685312925
1.185007625,0.033618949,0.588169873,-0.013103551,0.589275603
1.195040625,-0.261152029,0.552763343,-0.101040408,0.619642526
1.205073625,-0.531686604,0.560994387,-0.218346268,0.803168998
1.215106625,-0.767952383,0.582960665,-0.339903027,1.022315053
1.225139625,-0.971620321,0.545613587,-0.424877852,1.192586024
1.235172625,-1.118433237,0.495801598,-0.450214088,1.303612233
1.245205625,-1.204121232,0.433483362,-0.363850415,1.330489719
1.255238625,-1.261628747,0.306626111,-0.187004998,1.311753611
1.265271625,-1.285957217,0.176000983,0.007523468,1.297967223
1.275304625,-1.264665842,0.030611929,0.150407493,1.273946308
1.285337625,-1.18385911,-0.139351532,0.213117212,1.210933602
1.295370625,-1.049620032,-0.322559118,0.192677706,1.114841377
1.305403625,-0.887556016,-0.494947404,0.139773205,1.025799768
1.315436625,-0.734924674,-0.712140799,0.129019707,1.031457647
1.325469625,-0.626189113,-0.873809338,0.195563853,1.09265767
1.335502625,-0.578732848,-0.919272065,0.320488423,1.132565967
1.345535625,-0.606806576,-0.879057527,0.434567869,1.153171968
1.355568625,-0.704446256,-0.671697915,0.51391542,1.100695996
1.365601625,-0.846639872,-0.365797937,0.512728691,1.055224106
1.375634625,-1.009902239,-0.070182011,0.460710973,1.112242171
1.385667625,-1.172468781,0.136933893,0.371218622,1.237431695
1.395700625,-1.326953411,0.19273293,0.280115515,1.369823361
1.405733625,-1.463585496,0.121464081,0.208756626,1.483379707
1.415766625,-1.576815486,0.033542857,0.17691952,1.587064182
1.425799625,-1.682681441,0.02438611,0.15853332,1.690308945
1.435832625,-1.768329024,0.094676986,0.143839002,1.77669382
1.445865625,-1.8156358,0.173595771,0.120540082,1.827894626
1.455898625,-1.805715084,0.139413089,0.096767083,1.813672198
1.465931625,-1.729977131,-0.041286919,0.091113992,1.73286677
1.475964625,-1.59480381,-0.325538188,0.077485882,1.629533174
1.485997625,-1.418192863,-0.640010357,0.05088703,1.556751022
1.496030625,-1.229748011,-0.882999897,0.028643908,1.514195978
1.506063625,-1.071214795,-0.869854808,0.037596121,1.380420948
1.516096625,-0.95205909,-0.619517684,0.115293406,1.141714168
1.526129625,-0.846690595,-0.321980566,0.24720484,0.938971076
1.536162625,-0.720987976,-0.159130827,0.368619561,0.825243396
1.546195625,-0.572835267,-0.14802438,0.447151929,0.741617359
1.556228625,-0.402140409,-0.223723084,0.469462812,0.657392013
1.566261625,-0.247314364,-0.367769212,0.426022917,0.614747195
1.576294625,-0.121834435,-0.507625341,0.349687576,0.628337901
1.586327625,-0.026065828,-0.536039174,0.275107354,0.603076678
1.596360625,0.091475815,-0.408192396,0.207327902,0.466876553
1.606393625,0.272075415,-0.133873731,0.094857015,0.317718524
1.616426625,0.524251699,0.23682785,-0.108966328,0.585492046
1.626459625,0.817922473,0.598322392,-0.36281243,1.07639199
1.636492625,1.119124532,0.775657713,-0.535547733,1.463180092
1.646525625,1.429130554,0.642251432,-0.573344171,1.668419786
1.656558625,1.760910273,0.270263463,-0.508055627,1.852557111
1.666591625,2.161053419,-0.185768783,-0.400784314,2.205740236
1.676624625,2.705269575,-0.480318725,-0.330450714,2.767379126
1.686657625,3.425690651,-0.403031647,-0.336730719,3.46571472
1.696690625,4.31217432,-0.109474383,-0.368484497,4.329273938
1.706723625,5.311453819,0.035780285,-0.312340796,5.320749823
1.716756625,6.403955936,-0.281914681,-0.083080105,6.410696517
1.726789625,7.601796627,-1.098900914,0.259729713,7.685203621
1.736822625,8.936547279,-2.388686657,0.541007519,9.266088191
1.746855625,10.41160297,-3.767634153,0.608513057,11.08904107
1.756888625,12.00061035,-4.903374195,0.514657021,12.97391996
1.766921625,13.6606102,-5.423774719,0.307594866,14.70116383
1.776954625,15.29600239,-5.505730152,-0.52158457,16.26507928
1.786987625,16.80026436,-4.85396862,-1.450715661,17.54749184
1.797020625,17.52546883,-3.062843561,-2.237755775,17.93127489
1.807053625,17.58160973,-2.747129202,-2.589119434,17.98230405
1.817086625,17.49486351,-3.180947781,-2.853278875,18.00916096
1.827119625,17.3912487,-3.665619373,-3.158748865,18.05186947
1.837152625,17.26158142,-4.207811832,-3.512135983,18.11085235
1.847185625,17.10110092,-4.812811852,-3.927387953,18.19437239
1.857218625,16.89870644,-5.482249737,-4.393033028,18.30082186
1.867251625,16.62430573,-6.216615677,-4.927812099,18.42002127
1.877284625,16.27392578,-7.0215168,-5.527059555,18.56584891
1.887317625,15.81585121,-7.895117283,-6.187516212,18.72857131
1.897350625,15.25048637,-8.831301689,-6.910021782,18.92927957
1.907383625,14.55015278,-9.828670502,-7.686743259,19.16756979
1.917416625,13.6885643,-10.882967,-8.512652397,19.44944765
1.927449625,12.64585876,-11.9621048,-9.364471436,19.76620905
1.937482625,11.39869022,-13.05393982,-10.22601604,20.12229827
1.947515625,9.927285194,-14.10667038,-11.05798244,20.48970757
1.957548625,8.236828804,-15.07683945,-11.82644939,20.85716524
1.967581625,6.328717709,-15.90519047,-12.48538113,21.18755516
1.977614625,4.235009193,-16.53643799,-12.9997921,21.45655328
1.987647625,2.006286621,-16.91573143,-13.32650757,21.62782837
1.997680625,-0.295762748,-17.0208416,-13.43750286,21.68785392
2.007713625,-2.585730076,-16.82763672,-13.32186508,21.61775767
2.017746625,-4.800566673,-16.35222244,-12.99607086,21.43218321
2.027780375,-6.865532398,-15.6324482,-12.48069191,21.14891587
2.037813375,-8.735064507,-14.71731472,-11.82062721,20.79970991
2.047846375,-10.38083363,-13.6591711,-11.051548,20.40763032
2.057879375,-11.7899437,-12.52032661,-10.22169971,20.00611146
2.067912375,-12.97143173,-11.34857273,-9.373445511,19.61911377
2.077945375,-13.94860363,-10.18795776,-8.536795616,19.26745718
2.087978375,-14.73606586,-9.067148209,-7.731527805,18.95102467
2.098011375,-15.37252331,-8.003848076,-6.978362083,18.68351129
2.108044375,-15.87320709,-7.006477356,-6.285802364,18.45428784
2.118077375,-16.26238251,-6.089532852,-5.660434246,18.26439189
2.128110375,-16.56564522,-5.240506172,-5.103955269,18.10894436
2.138143375,-16.79695511,-4.464253902,-4.614788055,17.98231166
2.148176375,-16.97011757,-3.754215479,-4.190186501,17.87838603
2.158209375,-17.09602165,-3.097863436,-3.827016592,17.79091819
2.168242375,-17.18453979,-2.490781784,-3.520526409,17.71740692
2.178275375,-17.23521996,-1.927581906,-3.27531147,17.64925053
2.188308375,-17.26961327,-1.398263216,-3.080403328,17.59782848
2.198341375,-17.28538895,-0.896317422,-2.937579393,17.55612226
2.208374375,-17.28818321,-0.411015958,-2.840299129,17.52476853
2.218407375,-17.27381897,0.065156117,-2.791903973,17.49810832
2.228440375,-17.24265862,0.531802416,-2.790881634,17.47515694
2.238473375,-17.21128273,1.000106573,-2.833934546,17.47168141
2.248506375,-17.16223145,1.474338889,-2.927689791,17.47247066
2.258539375,-17.1006279,1.963440299,-3.068054438,17.48426522
2.268572375,-17.02089119,2.4732759,-3.255819798,17.50509049
2.278605375,-16.92155266,3.002240658,-3.496591806,17.53791742
2.288638375,-16.7933979,3.561983585,-3.787198544,17.57978421
2.298671375,-16.62923813,4.161328316,-4.13348484,17.63331821
2.308704375,-16.41767883,4.799858093,-4.53622818,17.69621943
2.318737375,-16.15578842,5.487108707,-4.997550488,17.77901494
2.328770375,-15.82423306,6.237538338,-5.518529415,17.88204136
2.338803375,-15.41370106,7.043818951,-6.096686363,18.01019573
2.348836375,-14.90139675,7.917082787,-6.735003948,18.168437
2.358869375,-14.28167629,8.846484184,-7.42977047,18.36921472
2.368902375,-13.53079891,9.83677578,-8.172121048,18.61795476
2.378935375,-12.62000656,10.87177753,-8.953472137,18.91096972
2.388968375,-11.53389359,11.92015553,-9.751989365,19.24115655
2.399001375,-10.25549793,12.96013546,-10.5440979,19.60403911
2.409034375,-8.781612396,13.94084549,-11.29981327,19.97873042
2.419067375,-7.100745678,14.81346607,-11.98191547,20.33287153
2.429100375,-5.23741436,15.51176929,-12.54559326,20.62613406
2.439133375,-3.232251167,15.98820305,-12.9619627,20.8346481
2.449166375,-1.1310426,16.19965935,-13.20046902,20.92750828
2.459199375,1.003285646,16.13430977,-13.23660278,20.89330484
2.469232375,3.102192879,15.79450226,-13.07955837,20.74041344
2.479265375,5.110444546,15.22834015,-12.7368412,20.49990514
2.489298375,6.972164631,14.49310875,-12.24076462,20.21132354
2.499331375,8.658864975,13.65304661,-11.61811352,19.90884693
2.509363375,10.14941311,12.75272751,-10.90976906,19.61289643
2.519397375,11.43277836,11.8435812,-10.14578629,19.33690296
2.529430375,12.51664352,10.94501305,-9.350782394,19.07607945
2.539462375,13.41124725,10.05733299,-8.55191803,18.81878853
2.549496375,14.14042759,9.191653252,-7.768380165,18.56841168
2.559529375,14.72473526,8.350919724,-7.012672901,18.32302568
2.569562375,15.17626572,7.542268276,-6.299602032,18.08009507
2.579594375,15.51393509,6.779526234,-5.640398502,17.84539866
2.589627375,15.76680565,6.075113773,-5.03265667,17.63028079
2.599660375,15.96887016,5.433941364,-4.476729393,17.45203825
2.609693375,16.13361359,4.840052128,-3.971911669,17.30594332
2.619726375,16.26517677,4.291120052,-3.518627644,17.18576234
2.629759375,16.38237953,3.789781809,-3.104541302,17.09920998
2.639792375,16.49817467,3.31829834,-2.734393835,17.04927508
2.649825375,16.60312271,2.873982191,-2.405095339,17.02080906
2.659858375,16.69802284,2.475827932,-2.117468834,17.01285881
2.669891375,16.76918602,2.117206573,-1.859802604,17.00432384
2.679924375,16.84889603,1.76728344,-1.637452483,17.02027728
2.689957375,16.91594315,1.440377235,-1.445778608,17.03860601
2.699990375,16.9764595,1.136286855,-1.289341927,17.06322735
2.710023375,17.03952408,0.862670481,-1.159261703,17.10068621
2.720056375,17.084589,0.613934517,-1.051211715,17.12790539
2.730089375,17.10282707,0.394850403,-0.959751308,17.13428502
2.740122375,17.09122086,0.198422506,-0.886020303,17.11532161
2.750155375,17.04906845,0.01897179,-0.838349998,17.06967855
2.760188375,16.9891243,-0.139577851,-0.807365,17.00887018
2.770221375,16.83451653,-0.392089188,-0.796372533,16.85790289
2.780254375,-1.17835474,-12.01194859,0.141955495,12.07044241
2.790287375,-13.79517269,-0.004735568,-1.847422361,13.91832538
2.800320375,-35.10081482,-2.046993732,-5.686233044,35.61727994
2.810353375,-35.53672028,-13.32711506,-3.007048845,38.07246809
2.820386375,-10.35040569,0.270212084,0.369485885,10.36052279
2.830419375,1.848944187,2.668872118,0.405556262,3.271994632
2.840452375,1.873674273,-3.096155167,-0.332676113,3.634213188
2.850485375,0.293875366,-4.59010601,-0.420060575,4.61864556
2.860518375,-1.706109881,-4.86330843,-0.28317982,5.161663552
2.870551375,-1.766741157,-4.87539196,-0.229046807,5.190692008
2.880584375,-1.73479712,-4.887098789,-0.173795387,5.188782175
2.890617375,-1.72937727,-4.860097408,-0.126452103,5.160163049
2.900650375,-1.727699876,-4.844005585,-0.077908956,5.14348197
2.910683375,-1.721100569,-4.822967529,-0.035926621,5.120985616
2.920716375,-1.709543705,-4.801474094,0.005619287,5.096736675
2.930749375,-1.701976895,-4.782651424,0.049044259,5.076700241
2.940782375,-1.699666023,-4.772075653,0.090184681,5.066527796
2.950815375,-1.689347386,-4.756034374,0.134162247,5.048936231
2.960848375,-1.681253433,-4.745381355,0.175781831,5.037475217
2.970881375,-1.674907088,-4.739516258,0.216289848,5.031412268
2.980914375,-1.66307652,-4.732864857,0.260981768,5.023339999
2.990947375,-1.649598241,-4.729813576,0.304451466,5.018466052
3.000980375,-1.636981487,-4.725577831,0.344978631,5.012963643
3.011013375,-1.616089821,-4.725466728,0.389432907,5.009335295
3.021046375,-1.602363706,-4.727319717,0.428138971,5.009832745
3.031079208,-1.582714081,-4.72746563,0.469339401,5.007413965
3.041112208,-1.559591651,-4.728162766,0.510785937,5.004872778
3.051145208,-1.539298415,-4.729227066,0.550068617,5.003758961
3.061178208,-1.512974262,-4.732000828,0.587164581,5.00256786
3.071211208,-1.489900112,-4.734202385,0.62633723,5.002476676
3.081244208,-1.462963223,-4.737650394,0.664408743,5.002702433
3.091277208,-1.434248209,-4.738535881,0.699120104,4.999955914
3.101310208,-1.400748134,-4.743692398,0.736453116,5.000707559
3.111343208,-1.368944407,-4.74713707,0.77318424,5.000713251
3.121376208,-1.334830284,-4.747785568,0.805691481,4.997237082
3.131409208,-1.293688536,-4.752749443,0.839810014,4.996752761
3.141442208,-1.261005521,-4.751446724,0.87401998,4.993024316
3.151475208,-1.220628262,-4.756247044,0.903065503,4.992729373
3.161508208,-1.177991271,-4.763702393,0.934283674,4.995338818
3.171541208,-1.138504863,-4.776680946,0.963974714,5.004210371
3.181574208,-1.095909238,-4.790989399,0.990404904,5.013531525
3.191607208,-1.051147342,-4.806664944,1.017522573,5.024369692
3.201640208,-1.008671761,-4.827202797,1.040908813,5.040118721
3.211673208,-0.959068537,-4.850165844,1.068121076,5.058142327
3.221706208,-0.914142013,-4.879020214,1.090469837,5.082284755
3.231739208,-0.870240569,-4.909619331,1.110591292,5.108335702
3.241772208,-0.821078897,-4.945158482,1.132091045,5.139104309
3.251805208,-1.13899076,-5.681852341,0.902466893,5.864741466
3.261838208,-3.27326107,-10.24954987,0.945780039,10.80101895
3.271871208,-5.899399757,-16.27834702,0.531351149,17.32252387
3.281904208,-9.35504055,-25.2026844,-1.382805228,26.91847386
3.291937208,-12.20265388,-34.43211365,-0.983180106,36.54369789
3.301970208,-13.57245064,-33.03734589,0.685314357,35.72320388
3.312003208,-9.213809013,-2.019564867,-1.20437789,9.509124297
3.322036208,-0.823847234,12.3472681,-3.434442759,12.84247449
3.332069208,3.263347626,6.069982052,-5.132295132,8.592704647
3.342102208,4.390543938,-0.773234367,-5.980438709,7.459250271
3.352135208,3.908577442,-2.524003506,-5.64117384,7.312346655
3.362168208,3.469637632,-3.113369942,-4.262696743,6.316806251
3.372201208,3.417924881,-3.387956858,-2.326593399,5.345418506
3.382234208,3.204153061,-3.183768034,-1.047246814,4.636777073
3.392267208,2.597412109,-2.497418642,-0.331534266,3.618503076
3.402300208,1.527515888,-1.336598516,0.426223606,2.073997816
3.412333208,0.400622547,-0.155208066,1.477536559,1.538733977
3.422366208,-0.517502964,0.691897333,2.879393101,3.006232836
3.432399208,-1.636418939,1.748800874,3.9591887,4.627239631
3.442432208,-2.720396042,2.636434793,4.523536682,5.900315853
3.452465208,-3.608573198,3.217530966,4.553616524,6.641515602
3.462498208,-4.441210747,3.60249114,4.236588478,7.116949996
3.472531208,-4.865737915,2.156921387,3.411198378,6.321707815
3.482564208,-4.417200565,-1.493765831,1.349363327,4.854253658
3.492597208,-3.164855719,-3.37488699,-0.791064441,4.693821137
3.502630208,-1.359211683,-4.087924957,-1.349954367,4.514528065
3.512663208,0.372173041,-2.926817656,-0.173296332,2.955470518
3.522696208,0.64485687,-0.785737157,0.060485642,1.01827392
3.532729208,0.555182099,0.162994325,-0.06576018,0.582339003
3.542761208,0.715411961,0.462387383,0.119635329,0.860191245
3.552794208,0.857284904,0.922095597,0.254682362,1.284546924
3.562827208,0.986053109,1.213630795,0.419248104,1.618940831
3.572860208,1.075645804,1.448704362,0.430211812,1.85495025
3.582893208,1.039517164,1.648156762,0.160975456,1.955231379
3.592926208,0.787837505,1.538459897,-0.083434016,1.730464685
3.602959208,0.239436716,1.110016108,-0.088870861,1.139018757
3.612992208,-0.507672668,0.657683492,0.012316477,0.830921662
3.623025208,-0.952562273,0.130961329,0.101594456,0.966874959
3.633058208,-0.846973538,-0.221937075,0.077471279,0.878989214
3.643091208,-0.465611726,-0.356387287,-0.059522249,0.58936328
3.653124208,-0.125222191,-0.539174438,-0.130693898,0.568744728
3.663157208,-0.031798664,-0.778359711,-0.097939797,0.785141515
3.673190208,-0.133905053,-0.932204425,-0.028481891,0.942203201
3.683223208,-0.205817223,-0.932137549,0.016143031,0.954726001
3.693256208,-0.151971042,-0.776844084,-0.002393901,0.791572902
3.703289208,-0.006059024,-0.487109512,-0.029517872,0.488040668
3.713322208,0.150105804,-0.087580763,-0.006970219,0.17392736
3.723355208,0.239265695,0.278191507,0.025358588,0.367806533
3.733388208,0.219771087,0.501743913,0.023171067,0.54825467
3.743421208,0.128367379,0.563781798,0.028211495,0.578898945
3.753454208,0.027883373,0.537829578,0.04271587,0.540243263
3.763487208,-0.02087722,0.504866481,0.025704222,0.505951311
3.773520208,-0.00393126,0.460955203,-0.018743137,0.461352857
3.783553208,0.036665805,0.35215506,-0.050427683,0.35763182
3.793586208,0.037615221,0.155016705,-0.03958036,0.164352331
3.803619208,-0.015255205,-0.078428969,-0.00478492,0.080041988
3.813652208,-0.078191556,-0.268306792,0.032981101,0.281407546
3.823685208,-0.098954305,-0.392022073,0.053748436,0.407875171
3.833718208,-0.067781471,-0.441026121,0.040995091,0.448083658
3.843751208,-0.015547907,-0.423938334,0.006505193,0.424273221
3.853784208,0.01864708,-0.343889028,-0.027809903,0.345515221
3.863817208,0.017625943,-0.214814097,-0.041078094,0.219415541
3.873850208,0.002984949,-0.073256157,-0.036677755,0.081979462
3.883883208,-0.017472861,0.05983083,-0.02186662,0.066054357
3.893916208,-0.021534715,0.187937394,-0.002938736,0.189189968
3.903949208,-0.010289723,0.289754093,0.013840208,0.290266884
3.913982208,0.015354121,0.343894035,0.014659396,0.344548624
3.924015208,0.03658402,0.338333428,0.011804393,0.340510268
3.934048208,0.042451229,0.26528585,0.009235508,0.268819611
3.944081208,0.04704361,0.149940446,0.012993369,0.157683437
3.954114208,0.045489922,0.016990658,0.011238879,0.049843032
3.964147208,0.037225801,-0.109679103,0.003707449,0.11588361
3.974180208,0.016819598,-0.211081371,-0.007987291,0.211901016
3.984213208,-0.01902956,-0.270021319,-0.010796716,0.270906268
3.994246208,-0.059531711,-0.277154595,-0.011343463,0.283702958
4.004279208,-0.080804087,-0.237409696,-0.006830355,0.250877097
4.014312208,-0.079027757,-0.159255758,-0.008053811,0.177968106
4.024345208,-0.054415766,-0.061325133,-0.005447451,0.082167647
4.03437825,-0.018361092,0.046972312,-0.003987506,0.05059079
4.04441125,0.014269643,0.13906084,0.004054818,0.139849853
4.05444425,0.034567725,0.195166722,0.009644793,0.198438905
4.06447725,0.047389839,0.200664863,0.014245369,0.206676352
4.07451025,0.055507421,0.176914796,0.010963289,0.18574206
4.08454325,0.054666907,0.131991878,0.007025711,0.143037363
4.09457625,0.040939908,0.071923755,0.000406957,0.082760306
4.10460925,0.024718309,0.006403892,-0.005951918,0.026218885
4.11464225,-0.004765813,-0.063926995,-0.010565312,0.064969219
4.12467525,-0.027809491,-0.12480171,-0.008372268,0.128136371
4.13470825,-0.044316828,-0.156764433,-0.009107834,0.163162561
4.14474125,-0.049003232,-0.156930491,-0.00350548,0.164440823
4.15477425,-0.044763748,-0.132418767,0.000392856,0.139780818
4.16480725,-0.037144754,-0.08531744,0.000170606,0.093052821
4.17483925,-0.019907176,-0.029506905,0.000787394,0.035602993
4.18487225,0.001264403,0.029629486,0.001991318,0.029723231
4.19490525,0.023007782,0.082276188,0.003602264,0.085508511
4.20493825,0.038720038,0.112508029,0.00667881,0.119171743
4.21497125,0.042097993,0.124170013,0.007675632,0.131336775
4.22500425,0.039692886,0.107908897,0.007690189,0.115234519
4.23503725,0.025361089,0.078493752,0.004004108,0.082586238
4.24507025,0.00821763,0.032694619,-0.000132112,0.033711793
4.25510325,-0.009084928,-0.015062517,-0.002753195,0.017804365
4.26513625,-0.0229044,-0.055441603,-0.004041378,0.060122505
4.27516925,-0.029439531,-0.082778685,-0.005629421,0.088037986
4.28520225,-0.02979519,-0.094450273,-0.006820634,0.099272999
4.29523525,-0.024320796,-0.088873617,-0.002826425,0.09218465
4.30526825,-0.014132258,-0.071099207,0.001144672,0.07249916
4.31530125,-0.004122235,-0.041229453,0.001228029,0.041453211
4.32533425,0.004686565,-0.002120187,0.001153488,0.005271586
4.33536725,0.015373298,0.033103045,0.000253872,0.036499511
4.34540025,0.021108147,0.056567166,-0.000338195,0.06037808
4.35543325,0.021160346,0.070373796,-0.000368289,0.073487189
4.36546625,0.016438358,0.067632839,2.50731E-05,0.069601876
4.37549925,0.007843537,0.05699005,0.000303906,0.057528073
4.38553225,0.003434275,0.031585403,-0.003156106,0.031927933
4.39556525,-0.003605525,0.005813726,-0.004238948,0.008047851
4.40559825,-0.011292797,-0.020002726,0.000127877,0.022970692
4.41563125,-0.011988947,-0.042191118,0.000377948,0.043863061
4.42566425,-0.011886984,-0.054359503,0.001488085,0.055663905
4.43569725,-0.010286957,-0.057199765,-0.000641644,0.058120963
4.44573025,-0.003844967,-0.048746631,0.002927521,0.048985591
4.45576325,-0.003012729,-0.03566971,0.000983946,0.035810235
4.46579625,-0.000668745,-0.014327707,0.002223952,0.014514695
4.47582925,0.000278009,0.006036687,-0.002739381,0.006634989
4.48586225,0.006771587,0.026300741,-0.000968966,0.027175766
4.49589525,0.009290405,0.041974243,-0.002745028,0.043077649
4.50592825,0.005875257,0.04603944,-0.000479098,0.04641528
4.51596125,0.006167139,0.038331453,0.000716928,0.038831017
4.52599425,0.002167456,0.026996586,-0.000233628,0.027084463
4.53602725,-0.000168669,0.010396838,-0.000695686,0.010421453
4.54606025,-0.002905542,-0.005098195,0.000384186,0.005880592
4.55609325,-0.001047454,-0.019637989,0.001140791,0.019698964
4.56612625,-0.002279957,-0.029161781,2.87616E-06,0.029250772
4.57615925,-0.005164693,-0.034774657,0.000771731,0.035164562
4.58619225,-0.008546684,-0.037353735,-0.003174196,0.038450265
4.59622525,-0.005540509,-0.03204659,-0.001213044,0.032544625
4.60625825,-0.005213757,-0.016452154,0.000613573,0.017269427
4.61629125,-0.001916763,-0.001485456,0.000833817,0.002564334
4.62632425,-0.000792266,0.01586438,-0.000104277,0.015884493
4.63635725,0.003659474,0.024105266,-0.000742903,0.024392775
4.64639025,0.004377802,0.027168348,-4.07151E-06,0.0275188
4.65642325,0.003616937,0.023613295,0.001408735,0.0239302
4.66645625,0.004485263,0.019051351,-0.002146349,0.01968955
4.67648925,0.001091331,0.013830222,-7.84046E-05,0.013873435
4.68652125,0.001402596,0.004470772,0.001227116,0.004843645
4.69655425,0.001747476,-0.010023749,0.000644416,0.010195316
4.70658725,-0.002484265,-0.019432262,0.001107901,0.019621718
4.71662025,-0.003283213,-0.02665209,0.000973145,0.026871182
4.72665325,-0.004334341,-0.025119271,-0.0002377,0.025491583
4.73668625,-0.004992675,-0.02401619,-0.003278498,0.024747783
4.74671925,-0.001837812,-0.017296292,-0.003687502,0.01778024
4.75675225,-0.001439137,-0.006071866,-0.001697854,0.006466946
4.76678525,-0.002564715,0.004888089,0.000124301,0.00552147
4.77681825,-0.000288245,0.016060051,0.00469828,0.016735655
4.78685125,0.002479636,0.019752027,0.001591131,0.01997055
4.79688425,0.002368316,0.021128882,-0.000631809,0.021270584
4.80691725,0.001313681,0.016918518,-0.000135493,0.016969984
4.81695025,0.000729117,0.010828666,3.06887E-05,0.010853229
4.82698325,0.001113318,-0.000110703,-0.000270875,0.001151132
4.83701625,-0.000815609,-0.007227202,0.001301988,0.007388697
4.84704925,-0.001790847,-0.01281695,0.000360065,0.012946466
4.85708225,-0.005223662,-0.018468177,0.001675667,0.019265722
4.86711525,-0.004402205,-0.020261575,0.00153353,0.020790924
4.87714825,-0.005815279,-0.017686298,-0.00205721,0.018731116
4.88718125,-0.005278144,-0.008483121,-0.001500695,0.01010318
4.89721425,0.002112926,-0.00094744,0.000990426,0.00251854
4.90724725,-0.000524433,0.007395053,-0.001130364,0.007499304
4.91728025,0.001820747,0.00906379,-0.000633951,0.009266569
4.92731325,0.001719924,0.011832478,0.002005171,0.012123795
4.93734625,0.001509801,0.010468673,-0.001297948,0.010656326
4.94737925,0.00179613,0.010429651,-0.000676984,0.010604811
4.95741225,0.000684793,0.005022636,-0.002631478,0.005711435
4.96744525,-0.000487415,-0.000149682,0.001125919,0.00123599
4.97747825,-0.003473351,-0.006258707,0.000270778,0.007163024
4.98751125,-0.002753267,-0.007208521,8.08411E-06,0.007716432
4.99754425,-0.003024909,-0.009284455,-5.82286E-05,0.009764967
5.00757725,-0.005628149,-0.00860455,0.00168243,0.010418489
5.01761025,0.000163427,-0.009748911,0.000764439,0.009780201
5.02764325,-0.001484803,-0.006758447,-0.001504555,0.007081308
5.03767625,-0.000611819,-0.000216924,0.000630501,0.000904936
5.04770925,-0.000481657,0.003571649,-0.000954051,0.00372812
5.05774225,-0.001632942,0.007020175,-0.001116503,0.007293555
5.06777525,0.002333857,0.009352001,-0.001892459,0.009822842
5.07780825,0.002078193,0.006811612,0.000178148,0.007123811
5.08784125,0.002149517,0.005368363,0.002441093,0.006276837
5.09787425,0.003391349,0.0011619,-0.002072965,0.004141068
5.10790725,0.000883797,-0.000407026,0.000651198,0.001170823
5.11793925,0.000455295,-0.002690687,-0.000409806,0.002759535
5.12797225,-0.002084508,-0.006087518,0.000683056,0.006470673
5.13800525,-0.003803312,-0.00649072,-0.000173683,0.007524945
5.14803825,-0.005018725,-0.007211609,-0.001528268,0.008917988
5.15807125,-0.00210789,-0.008706974,8.32106E-05,0.008958879
5.16810425,-0.000296115,-0.004599136,0.000317884,0.004619609
5.17813725,-0.001557388,-0.001547686,0.000814563,0.002341859
5.18817025,0.002522651,-0.000431028,0.000342283,0.002581997
5.19820325,-0.000159419,0.002907511,-0.00118504,0.00314378
5.20823625,-0.00076913,0.003294663,0.001696986,0.003784987
5.21826925,0.001955816,0.005492836,0.003324177,0.006711678
5.22830225,-0.000692689,0.006775103,0.000246794,0.006814892
5.23833525,-0.001361409,0.002694608,0.000708054,0.003100917
5.24836825,0.001305691,-0.001012546,0.000406175,0.001701487
5.25840125,-0.00128876,-0.003607797,0.00123282,0.004024543
5.26843425,0.002191248,-0.004144124,0.001986022,0.005091131
5.27846725,-0.000564058,-0.007177198,-0.001234272,0.007304366
5.28850025,0.001119647,-0.002721431,-0.000802728,0.003050273
5.29853325,-0.002896932,-0.004570996,0.000775195,0.005466914
5.30856625,-0.001310301,-0.002177554,-0.00095706,0.002715621
5.31859925,-0.000874075,-0.001700316,0.002279746,0.002975285
5.32863225,-0.000750238,0.000735411,0.000106729,0.001055973
5.33866525,0.00053021,0.00312693,0.000694222,0.003246653
5.34869825,0.002890383,0.000694606,0.001056213,0.003154739
5.35873125,0.00238891,0.002922074,-0.002464753,0.004507817
5.36876425,0.000436239,0.002442089,-0.000155747,0.002485631
5.37879725,-0.001061523,0.002600547,-0.000765078,0.002911189
5.38883025,-0.00057149,0.001287035,-0.001931965,0.002390722
5.39886325,-0.002898827,0.000246539,-0.001354326,0.003209077
5.40889625,-0.001605144,-0.0057322,-0.000882018,0.006017687
5.41892925,0.001364015,-0.002739074,0.001489794,0.003403314
5.42896225,0.001288758,-0.005885532,0.000598712,0.006054655
5.43899525,-4.52192E-05,-0.002898797,-0.00166897,0.003345225
5.44902825,-0.002419643,-0.003224418,0.00189443,0.004454257
5.45906125,-0.001115493,-0.00049521,-0.000659009,0.00138703
5.46909425,0.000445175,7.47393E-05,0.000644834,0.000787132
5.47912725,0.001169821,0.001155983,-0.001004196,0.001926963
5.48916025,0.000368525,0.002388194,0.001032549,0.00262782
5.49919325,0.000184234,0.004153337,0.00153136,0.004430487
5.50922625,0.001865573,0.002561097,0.00060456,0.00322569
5.51925825,-0.000686268,0.000214054,-0.000642865,0.000964395
5.52929125,8.19332E-05,0.001719148,0.000905466,0.00194475
5.53932425,-0.000158018,-0.000659587,0.001302543,0.001468551
5.54935725,-0.002872869,-0.002846341,0.000334176,0.004057919
5.55939025,-0.000280282,-0.004194167,-0.00048155,0.004231015
5.56942325,-0.002073125,-0.002212186,-0.002214883,0.00375464
5.57945625,0.000160735,-0.002329365,0.00160409,0.002832823
5.58948925,0.000672093,-0.002254046,0.000748044,0.002468198
5.59952225,-0.002522103,0.000581954,-0.001508452,0.002995847
5.60955525,-0.001609696,0.000317088,0.000903685,0.001873049
5.61958825,0.00105453,0.000754379,7.41105E-05,0.001298697
5.62962125,-3.86237E-05,0.000576154,-0.00152394,0.001629675
5.63965425,-0.000787771,0.001511989,1.37691E-05,0.001704958
5.64968725,0.00193842,0.001165364,-0.000414989,0.002299513
5.65972025,-0.0002499,-0.001258113,0.00094562,0.001593579
5.66975325,0.001648259,-0.00124093,0.000876736,0.002241725
5.67978625,-0.001678828,0.000191052,0.001856247,0.002510103
5.68981925,-0.000453859,0.000704871,-0.001306387,0.001552249
5.69985225,-0.000506323,-0.002150304,0.000709093,0.002320126
5.70988525,-0.001450948,-0.001962489,0.001218954,0.002728087
5.71991825,-0.000348399,-0.003511916,-0.001456724,0.003817981
5.72995125,-0.000543883,-0.001203298,-0.000655684,0.001474333
5.73998425,-0.001798765,9.55258E-05,0.000923037,0.002024025
5.75001725,-1.0593E-05,0.000995721,-0.000994073,0.001407037
5.76005025,-0.001215407,0.002488422,0.000580654,0.002829597
5.77008325,-0.000249675,0.001527611,0.000305687,0.001577776
5.78011625,0.000975112,0.000826933,0.000572802,0.001400987
5.79014925,0.000376865,9.87351E-05,0.001877049,0.001917052
5.80018225,-0.000116352,-0.002815828,0.0017122,0.003297583
5.81021525,0.001460073,-0.000904782,-0.000908303,0.001943053
5.82024825,0.001086431,-0.002473117,0.000994259,0.002878401
5.83028125,-0.000634183,-0.001424387,-0.001510687,0.002171
5.84031425,-0.002020625,-4.27391E-05,-0.001359685,0.002435877
5.85034625,-0.0012064,-0.001159753,-0.000891384,0.001896047
5.86037925,0.000953424,-0.003283091,-0.000767814,0.00350389
5.87041225,-0.002108193,-0.001904821,-0.000287058,0.002855735
5.88044525,0.002189616,-0.000277896,-0.00103008,0.002435716
5.89047825,0.00219434,0.00100593,0.0011302,0.002665403
5.90051125,0.000599373,0.000859722,-0.000889275,0.001374474
5.91054425,-2.05658E-05,0.003521791,0.000298714,0.003534497
5.92057725,0.002280139,0.001250381,0.000523218,0.002652592
5.93061025,-0.001221493,0.002066627,-0.002547383,0.003500308
5.94064325,-0.002203933,-6.20376E-05,0.000587157,0.002281649
5.95067625,-0.00049571,-0.00141842,-0.00066294,0.001642295
5.96070925,-0.002889892,-0.001115086,2.65525E-05,0.003097676
5.97074225,-0.000647015,-0.002260702,-0.001185322,0.002633323
5.98077525,0.002712563,-8.46334E-05,-0.000113399,0.002716251
5.99080825,-0.000564052,-0.001158226,-0.000981461,0.00161954
6.00084125,0.002064754,-0.00047113,-0.000747902,0.002246004
6.01087425,-0.001629283,-0.00093905,0.001919354,0.002687061
6.02090725,-0.002973913,-0.001227736,-1.41007E-05,0.003217405
6.030940208,-0.002168421,0.000441873,0.001312214,0.002572782
6.040973208,-0.00090848,0.00028155,-0.000582092,0.001115095
6.051006208,0.001147062,-0.001379099,-0.001031434,0.002069184
6.061039208,-0.000355227,-0.001084021,-6.3641E-05,0.001142514
6.071072208,-0.001626092,-0.000193393,-0.000739773,0.001796897
6.081105208,0.001300456,0.000169063,-5.80563E-06,0.001311412
6.091138208,-0.0003121,0.000134648,-0.000346919,0.000485684
6.101171208,-7.70076E-06,-0.000347118,0.000234715,0.000419096
6.111204208,0.000966442,0.000907197,0.001059706,0.001697054
6.121237208,-0.001231465,-0.000865403,0.000710566,0.001664431
6.131270208,-0.000580053,0.000331579,-0.000271027,0.000721014
6.141303208,-0.003764394,0.000285506,-0.002858021,0.004735025
6.151336208,-0.000176213,-0.002183204,0.000311928,0.002212403
6.161369208,-0.000743733,0.000678896,-0.001913942,0.002162686
6.171401208,0.001931083,1.05868E-06,-0.000391864,0.001970441
6.181434208,-0.001332888,-0.001345968,-0.000435007,0.001943566
6.191467208,-0.000937471,0.001635249,-0.0022166,0.002909674
6.201500208,0.002097201,0.00169011,-0.001720719,0.003196185
6.211533208,0.000626128,0.002629309,-0.001904384,0.003306355
6.221566208,-0.000264167,0.000664962,0.000666099,0.000977571
6.231599208,-0.001135898,0.000740193,0.000944303,0.001652228
6.241632208,-0.001070917,0.000255231,0.002811712,0.003019558
6.251665208,-0.000136956,6.83579E-05,-0.000113145,0.000190345
6.261698208,-0.001075986,-0.000515141,-9.63665E-05,0.00119683
6.271731208,0.000747595,-0.004206786,9.0152E-06,0.004272708
6.281764208,-0.00028944,1.807E-06,0.001848727,0.001871248
6.291797208,-0.002712876,-0.000598212,-0.000292679,0.002793423
6.301830208,0.001592657,0.000485694,-0.001388836,0.002168253
6.311863208,9.30027E-05,-0.000895253,0.000148123,0.000912177
6.321896208,-0.001615149,-0.002534961,-0.002397592,0.00384489
6.331929208,-0.002583339,-0.005514887,-0.031378064,0.031963581
6.341962208,0.008531098,-0.035497554,-0.099966444,0.106424367
6.351995208,0.033084508,-0.060300466,-0.143995926,0.159579314
6.362028208,0.020049933,-0.022276655,-0.104238927,0.108461989
6.372061208,0.020205092,0.146222025,0.035148885,0.151738494
6.382094208,0.13813971,0.235219538,0.245618761,0.36706864
6.392127208,0.221374556,0.321025223,0.237104923,0.456379921
6.402160208,0.139952406,0.217315346,0.035415739,0.260896359
6.412193208,-0.062980533,-0.014351535,-0.075894475,0.099661855
6.422226208,-0.223972887,-0.355047584,-0.079276957,0.427208938
6.432259208,-0.222045258,-0.485597104,-0.083393589,0.540428658
6.442292208,-0.113101996,-0.303460866,-0.053643946,0.32826549
6.452325208,-0.040857065,0.067877449,-0.0092122,0.07975909
6.462358208,-0.014879526,0.1782455,-0.000274631,0.178865687
6.472390208,-0.018855475,-0.007927293,0.005119737,0.021085128
6.482423208,-0.013286806,-0.15884997,0.035620388,0.163336046
6.492456208,0.012119089,-0.042664729,0.043759804,0.062306275
6.502489208,0.078522608,0.157079011,0.011920383,0.176016224
6.512522208,0.140816465,0.223536193,-0.035195306,0.266526577
6.522555208,0.12503989,0.171286836,-0.037066177,0.215285986
6.532588208,0.034626562,0.068421826,0.003156274,0.076749639
6.542621208,-0.070352323,-0.012107898,-0.015448568,0.073039091
6.552654208,-0.102351189,-0.041115709,-0.068065375,0.129611584
6.562687208,-0.061271396,0.002652809,-0.085894972,0.105542255
6.572720208,-0.058774386,0.109945625,-0.159693196,0.202594141
6.582753208,-0.010047861,0.008931394,-0.19746986,0.197926944
6.592786208,0.182202727,-0.176060498,0.049884748,0.258231719
6.602819208,0.39388755,-0.250637531,0.449502736,0.648088947
6.612852208,0.194407806,-0.085453428,0.372843415,0.429079125
6.622885208,-0.258839041,0.087258689,-0.100141183,0.290929518
6.632918208,-0.45989731,0.020154487,-0.247186825,0.522506521
6.642951208,-0.35176447,0.036156092,-0.018513162,0.354102023
6.652984208,-0.072663225,-0.026984325,0.174782857,0.191199229
6.663017208,0.102361053,-0.079367898,0.009506809,0.129874662
6.673050208,0.068279646,0.028210053,-0.204424948,0.217364846
6.683083208,-0.017218741,0.093507037,-0.264969498,0.281511786
6.693116208,0.031338166,-0.059564494,-0.131171912,0.147431611
6.703149208,0.081250332,-0.174829036,0.091226809,0.21328183
6.713182208,0.044457685,-0.195639044,0.150649667,0.250891298
6.723215208,0.145927578,-0.493950665,0.164730325,0.54075706
6.733247208,0.237483099,-0.58458364,0.227500871,0.670740562
6.743280208,0.086970828,-0.046825077,0.056319267,0.113703002
6.753313208,-0.049485579,0.306882203,-0.044896934,0.314072036
6.763346208,-0.065862685,0.021955933,0.059551444,0.091467649
6.773379208,-0.056583703,-0.267209828,0.043643851,0.27660006
6.783412208,0.012366072,-0.241587818,0.032014359,0.244013345
6.793445208,0.078846194,0.059168436,0.037693497,0.105538741
6.803478208,0.190582842,0.156251311,-0.0284256,0.24808125
6.813511208,0.099482223,0.326044589,-0.254381865,0.425337419
6.823544208,-0.281478435,0.785787702,-0.260877848,0.87449967
6.833577208,-0.834579229,1.295010805,-0.094502561,1.543536915
6.843610208,-0.887130618,1.18992269,-0.036997732,1.484683662
6.853643208,-0.8317554,1.594792962,-0.132125631,1.803507366
6.863676208,-0.439984977,1.440114975,-0.169641048,1.515353426
6.873709208,0.027404014,0.179581553,-0.045711603,0.187323423
6.883742208,0.198693752,-0.04829742,0.168628916,0.265042561
6.893775208,0.507892251,0.924614727,0.610555947,1.218870583
6.903808208,0.617419004,1.199853778,0.564406037,1.462672038
6.913841208,0.388826489,0.39573428,0.067540973,0.558885894
6.923874208,0.548972726,0.103695512,-0.105713896,0.568594091
6.933907208,0.807344913,-0.161598027,-0.370666116,0.902946898
6.943940208,0.995233595,-0.618112028,-0.712237,1.37107036
6.953973208,1.329516053,-1.242740393,-0.755277038,1.970395905
6.964006208,1.857414722,-1.657574296,-0.416957319,2.524162317
6.974039208,2.16939187,-1.466487288,0.032413356,2.618758614
6.984072208,2.228486061,-1.171166897,0.40953216,2.550587896
6.994104208,2.28609395,-0.981838167,0.580258548,2.554786042
7.004137208,2.549166918,-0.992597103,0.587556362,2.797985608
7.014170208,2.899042845,-1.395308614,0.463966697,3.250630806
7.024203208,3.191324472,-1.810114384,0.273697436,3.679127105
7.034236083,3.431549549,-2.169630527,0.034251619,4.06004952
7.044269083,3.729065657,-2.571992397,-0.23682116,4.536205443
7.054302083,4.005161762,-3.117114067,-0.450448364,5.095156973
7.064335083,4.110067368,-3.561199903,-0.467477947,5.458327047
7.074368083,4.00611639,-3.774147987,-0.264534533,5.510275863
7.084401083,3.617169619,-3.82262969,0.024393141,5.262794773
7.094434083,3.066785097,-3.885159016,0.421616048,4.967634397
7.104467083,2.628455162,-3.815164089,0.952882588,4.729930104
7.114500083,2.402766943,-3.472481489,1.625343084,4.524727264
7.124533083,2.374672651,-2.749795437,2.392776251,4.350381975
7.134566083,2.53027153,-1.54423666,3.313614368,4.446007317
7.144599083,2.853153467,0.1824231,4.356469154,5.210814369
7.154632083,3.277427673,2.069087029,5.557072163,6.775227251
7.164665083,3.682967663,3.868555784,6.731771469,8.593411533
7.174698083,3.990729332,5.228634834,7.708585262,10.13345102
7.184731083,4.153840542,6.01158905,8.480679512,11.19444144
7.194764083,4.143445492,6.305582523,9.024295807,11.76292592
7.204797083,4.049512386,6.356198788,9.339615822,12.0011765
7.214830083,3.868042946,6.308263302,9.497603416,12.0399507
7.224863083,3.617617369,6.318456173,9.567154884,12.02249959
7.234896083,3.335641384,6.375460148,9.486812592,11.90683034
7.244929083,3.027763605,6.379559517,9.339878082,11.70894763
7.254961083,2.692279339,6.425859928,9.034542084,11.40889979
7.264994083,2.297127962,6.291532993,8.625014305,10.92021319
7.275027083,1.764010549,5.872168064,8.243992805,10.27411837
7.285060083,1.216537595,5.226887703,7.932513237,9.577321391
7.295093083,0.892988205,4.495672226,7.714568615,8.973464527
7.305126083,0.762677073,4.030936241,7.67612648,8.703622294
7.315159083,0.640141547,4.012069702,7.789216042,8.785122141
7.325192083,0.53933692,4.159731388,8.041964531,9.070140189
7.335225083,0.420415044,4.385697842,8.104453087,9.22460049
7.345258083,0.307358801,4.32703495,7.881117344,8.996094235
7.355291083,0.209139913,4.069354534,7.428703308,8.472840059
7.365324083,0.14883396,3.603089809,6.846815586,7.738429517
7.375357083,0.115072817,2.854925871,6.219921589,6.844798613
7.385390083,0.161766276,1.941046953,5.582176208,5.912235011
7.395423083,0.345902175,1.052332044,4.919837952,5.043000745
7.405456083,0.603421032,0.538588583,4.268884182,4.344832191
7.415489083,0.9155913,0.400961876,3.63743782,3.772271431
7.425522083,1.289776564,0.402984262,3.001718521,3.291843553
7.435555083,1.674670339,0.43320933,2.478634596,3.022551989
7.445588083,1.852762103,0.506083488,2.118238449,2.859332446
7.455621083,1.692683697,0.528337002,1.882486105,2.586130704
7.465654083,1.300211787,0.556529224,1.783488393,2.276204366
7.475687083,0.924237013,0.643028259,1.660968542,2.006618024
7.485719083,0.85608989,0.232682034,1.880067587,2.078866268
7.495752083,0.0881024,0.939481378,2.103410482,2.305368289
7.505785083,-0.67721498,1.740974784,2.04171586,2.767348367
7.515818083,-1.280664682,0.859929919,1.892154694,2.441276486
7.525851083,-1.524188399,0.654414535,1.720742941,2.390055424
7.535884083,-1.569104075,0.272224247,1.575538039,2.240203954
7.545917083,-1.751960397,-0.859031498,1.675804973,2.572085273
7.555950083,-1.596317887,-1.238777876,1.683035135,2.629716466
7.565983083,-1.11686933,-1.5442307,1.413459063,2.372743576
7.576016083,-0.692843139,-2.105025768,1.226261735,2.53276192
7.586049083,-0.240792602,-3.149268389,1.27886045,3.407544059
7.596082083,0.457529187,-4.612656593,1.633155704,4.914583539
7.606115083,1.233570933,-5.117921352,2.303818703,5.74651171
7.616148083,1.807871699,-2.343693018,2.880320311,4.13007774
7.626181083,2.147270918,0.562896013,3.123840094,3.832231888
7.636214083,2.477348566,1.267001987,3.231307983,4.26425858
7.646247083,2.764686346,0.872247934,3.205383301,4.321896477
7.656280083,2.935135126,0.415615708,2.944952011,4.17857595
7.666313083,3.037795544,-0.052047096,2.438605785,3.895857908
7.676346083,3.097606421,-0.926285982,1.732201576,3.667927693
7.686379083,2.972162247,-1.701150298,1.00931716,3.570207541
7.696412083,2.59794879,-2.317739248,0.5318681,3.521950711
7.706444083,1.98021102,-2.299139977,0.246556178,3.044350548
7.716477083,1.337886572,-1.748769522,-0.009293236,2.201867772
7.726510083,0.915786922,-1.259436011,-0.148111045,1.564219177
7.736543083,0.695174217,-0.738378704,-0.197770789,1.033239366
7.746576083,0.613482058,-0.1571704,-0.245554835,0.679234825
7.756609083,0.617032826,0.4689565,-0.332554549,0.843351786
7.766642083,0.652433932,1.125525117,-0.495803386,1.392227647
7.776675083,0.650695741,1.760319471,-0.721619666,2.010687577
7.786708083,0.578855634,2.230112076,-0.928896427,2.484214622
7.796741083,0.459841341,2.390554428,-1.07062602,2.659406815
7.806774083,0.376925409,2.40044117,-1.183138371,2.70259264
7.816807083,0.375501245,2.201146603,-1.295739293,2.581663779
7.826840083,0.479504079,1.892000198,-1.436100364,2.42321546
7.836873083,0.883171737,1.316893578,-1.227598429,2.005292725
7.846906083,1.310676098,0.734803796,-0.819278359,1.711439593
7.856939083,1.535585999,0.484705448,-0.807513058,1.801399754
7.866972083,1.482943535,0.293562651,-0.994099438,1.809291091
7.877005083,1.381207466,-0.118145294,-1.18097651,1.821097991
7.887038083,1.198261857,-0.411328733,-1.272619367,1.795712354
7.897071083,0.94541502,-0.467879057,-1.22542429,1.616906015
7.907104083,0.796929419,-0.361021847,-1.122071624,1.422841524
7.917137083,0.689089715,-0.060059279,-1.090666771,1.291512973
7.927169083,0.542441726,0.420673788,-1.136188149,1.327453567
7.937202083,0.376267403,0.700901866,-1.173927426,1.418078343
7.947235083,0.332812607,0.684999645,-1.191687226,1.414251459
7.957268083,0.390474498,0.53476423,-1.185420394,1.357816124
7.967301083,0.487021029,0.416511893,-1.074575424,1.251153061
7.977334083,0.577889442,0.459647715,-0.901706457,1.165464184
7.987367083,0.625894487,0.634768128,-0.723194778,1.147904688
7.997400083,0.608177364,0.769497156,-0.585709512,1.142392757
8.007433083,0.531771243,0.810402215,-0.514900863,1.097567903
8.017466083,0.395754874,0.708513498,-0.48428762,0.945064969
8.027499083,0.23431538,0.528609276,-0.419472396,0.714344843
8.037531875,0.124172024,0.307769418,-0.313661128,0.456644292
8.047564875,0.091763489,0.111134119,-0.208389565,0.253372337
8.057597875,0.190477833,0.074946932,-0.101141669,0.228316633
8.067630875,0.400711238,0.182954893,-0.017633725,0.440854781
8.077663875,0.631395638,0.392711788,0.035739858,0.744419464
8.087696875,0.829673529,0.538350701,0.050358213,0.990310856
8.097729875,0.907547295,0.563989758,0.072894946,1.070999633
8.107762875,0.804485619,0.469292581,0.101828329,0.936910693
8.117795875,0.603112936,0.335126191,0.123898476,0.701003288
8.127828875,0.422799915,0.240525648,0.109237775,0.498543125
8.137860875,0.307259947,0.239526853,0.08728981,0.399250923
8.147893875,0.256994098,0.333499402,0.070421353,0.426880527
8.157926875,0.253027916,0.43087703,0.056449227,0.502856497
8.167959875,0.279949814,0.474260718,0.039224967,0.552117492
8.177992875,0.304556638,0.501640975,0.012272445,0.586982987
8.188025875,0.285501719,0.511313558,-0.003127816,0.585630061
8.198058875,0.242886916,0.457255125,0.000493757,0.517761091
8.208091875,0.186247349,0.351423502,-0.017362472,0.398105524
8.218124875,0.175886571,0.320478022,-0.031909555,0.366961127
8.228157875,0.230909616,0.338092715,-0.040762968,0.411445688
8.238190875,0.285146892,0.409778386,-0.041552588,0.500952786
8.248223875,0.348096311,0.461976051,-0.038108323,0.579694021
8.258256875,0.39188993,0.478392005,-0.016366756,0.618631149
8.268289875,0.274080992,0.447835952,0.017640214,0.525346178
8.278322875,0.157225817,0.235274181,0.055733114,0.288409566
8.288355875,0.106983416,0.021067074,0.065464571,0.127180513
8.298388875,0.137561351,-0.043570686,0.042711191,0.150485135
8.308421875,0.209907189,-0.020513039,0.009836331,0.211136369
8.318454875,0.356073648,0.040887274,-0.022192227,0.359099856
8.328486875,0.404829741,0.179751679,-0.061332971,0.447168333
8.338519875,0.299417704,0.272239506,-0.084293827,0.413365165
